,year,month,tournament_link,tournament_name,tournament_dates,tournament_prize_money,tournament_super_level,city,country,men_singles_winner,men_singles_runner_up,men_singles_third_place_1,men_singles_third_place_2,women_singles_winner,women_singles_runner_up,women_singles_third_place_1,women_singles_third_place_2,men_doubles_winner_1,men_doubles_winner_2,men_doubles_runner_up_1,men_doubles_runner_up_2,men_doubles_third_place_1_1,men_doubles_third_place_1_2,men_doubles_third_place_2_1,men_doubles_third_place_2_2,women_doubles_winner_1,women_doubles_winner_2,women_doubles_runner_up_1,women_doubles_runner_up_2,women_doubles_third_place_1_1,women_doubles_third_place_1_2,women_doubles_third_place_2_1,women_doubles_third_place_2_2,mixed_doubles_winner_1,mixed_doubles_winner_2,mixed_doubles_runner_up_1,mixed_doubles_runner_up_2,mixed_doubles_third_place_1_1,mixed_doubles_third_place_1_2,mixed_doubles_third_place_2_1,mixed_doubles_third_place_2_2
0,2018,JANUARY,https://bwfworldtour.bwfbadminton.com/tournament/3139/princess-sirivannavari-thailand-masters-2018,PRINCESS SIRIVANNAVARI Thailand Masters 2018,09 - 14 JANUARY,"PRIZE MONEY USD $150,000",https://extranet.bwf.sport/docs/tmt-category/WT_300.svg,Bangkok,Thailand,Tommy SUGIARTO,LEONG Jun Hao,LIEW Daren,Kantaphon WANGCHAROEN,Nitchaon JINDAPOL,Pornpawee CHOCHUWONG,Soniia CHEAH,KISONA Selvaduray,Tinn ISRIYANET,Kittisak NAMDASH,Wahyu Nayaka ARYA PANGKARYANIRA,Ade Yusuf SANTOSO,Berry ANGRIAWAN,Hardianto HARDIANTO,GOH V Shem,TAN Wee Kiong,Jongkolphan KITITHARAKUL,Rawinda PRAJONGJAI,Anggia Shitta AWANDA,Ni Ketut Mahadewi ISTARANI,Savitree AMITRAPAI,Pacharapun CHOCHUWONG,CHOW Mei Kuan,LEE Meng Yean,CHAN Peng Soon,GOH Liu Ying,Dechapol PUAVARANUKROH,Puttita SUPAJIRAKUL,Nipitphon PHUANGPHUAPET,Jongkolphan KITITHARAKUL,CHEN Tang Jie,PECK Yen Wei
1,2018,JANUARY,https://bwfworldtour.bwfbadminton.com/tournament/3143/perodua-malaysia-masters-2018,PERODUA Malaysia Masters 2018,16 - 21 JANUARY,"PRIZE MONEY USD $350,000",https://extranet.bwf.sport/docs/tmt-category/WT_500.svg,Bukit Jalil,Malaysia,Viktor AXELSEN,Kenta NISHIMOTO,LIEW Daren,Hans-Kristian Solberg VITTINGHUS,Ratchanok INTANON,TAI Tzu Ying,Carolina MARIN,Akane YAMAGUCHI,Fajar ALFIAN,Muhammad Rian ARDIANTO,GOH V Shem,TAN Wee Kiong,CHEN Hung Ling,WANG Chi-Lin,Mads CONRAD-PETERSEN,Mads Pieler KOLDING,Kamilla Rytter JUHL,Christinna PEDERSEN,CHEN Qing Chen,JIA Yi Fan,Yuki FUKUSHIMA,Sayaka HIROTA,LEE So Hee,SHIN Seung Chan,TANG Chun Man,TSE Ying Suet,ZHENG Si Wei,HUANG Ya Qiong,GOH Soon Huat,LAI Shevon Jemie,Hafiz FAIZAL,Gloria Emanuelle WIDJAJA
2,2018,JANUARY,https://bwfworldtour.bwfbadminton.com/tournament/3140/daihatsu-indonesia-masters-2018,DAIHATSU Indonesia Masters 2018,23 - 28 JANUARY,"PRIZE MONEY USD $350,000",https://extranet.bwf.sport/docs/tmt-category/WT_500.svg,Jakarta,Indonesia,Anthony Sinisuka GINTING,Kazumasa SAKAI,CHOU Tien Chen,SON Wan Ho,TAI Tzu Ying,Saina NEHWAL,HE Bing Jiao,Ratchanok INTANON,Marcus Fernaldi GIDEON,Kevin Sanjaya SUKAMULJO,LI Jun Hui,LIU Yu Chen,LIU Cheng,ZHANG Nan,Satwiksairaj RANKIREDDY,Chirag SHETTY,Misaki MATSUTOMO,Ayaka TAKAHASHI,Greysia POLII,Apriyani RAHAYU,LEE So Hee,SHIN Seung Chan,Kamilla Rytter JUHL,Christinna PEDERSEN,ZHENG Si Wei,HUANG Ya Qiong,Tontowi AHMAD,Liliyana NATSIR,Praveen JORDAN,Melati Daeva OKTAVIANTI,GOH Soon Huat,LAI Shevon Jemie
3,2018,JANUARY,https://bwfworldtour.bwfbadminton.com/tournament/3170/yonex-sunrise-dr-akhilesh-das-gupta-india-open-2018,YONEX-SUNRISE DR. AKHILESH DAS GUPTA India Open 2018,30 JANUARY - 04 FEBRUARY,"PRIZE MONEY USD $350,000",https://extranet.bwf.sport/docs/tmt-category/WT_500.svg,New Delhi,India,SHI Yu Qi,CHOU Tien Chen,QIAO Bin,Iskandar ZULKARNAIN,Beiwen ZHANG,PUSARLA V. Sindhu,CHEUNG Ngan Yi,Ratchanok INTANON,Marcus Fernaldi GIDEON,Kevin Sanjaya SUKAMULJO,Kim ASTRUP,Anders Skaarup RASMUSSEN,HAN Cheng Kai,ZHOU Hao Dong,Mohammad AHSAN,Hendra SETIAWAN,Greysia POLII,Apriyani RAHAYU,Jongkolphan KITITHARAKUL,Rawinda PRAJONGJAI,DU Yue,LI Yin Hui,Kamilla Rytter JUHL,Christinna PEDERSEN,Mathias CHRISTIANSEN,Christinna PEDERSEN,Praveen JORDAN,Melati Daeva OKTAVIANTI,Pranaav Jerry CHOPRA,REDDY Sikki,HE Ji Ting,DU Yue
4,2018,"
FEBRUARY ",https://bwfworldtour.bwfbadminton.com/tournament/3144/yonex-swiss-open-2018,YONEX Swiss Open 2018,20 - 25 FEBRUARY,"PRIZE MONEY USD $150,000",https://extranet.bwf.sport/docs/tmt-category/WT_300.svg,Basel,Switzerland,Sameer VERMA,Jan O JORGENSEN,Lucas CORVEE,Kantaphon WANGCHAROEN,Sayaka TAKAHASHI,Natsuki NIDAIRA,Evgeniya KOSETSKAYA,Minatsu MITANI,Mathias BOE,Carsten MOGENSEN,Tinn ISRIYANET,Kittisak NAMDASH,Maneepong JONGJIT,Nanthakarn YORDPHAISONG,Marcus ELLIS,Chris LANGRIDGE,Ayako SAKURAMOTO,Yukiko TAKAHATA,Gabriela STOEVA,Stefani STOEVA,Emilie LEFEL,Anne TRAN,Nami MATSUYAMA,Chiharu SHIDA,Mark LAMSFUSS,Isabel LOHAU,Marcus ELLIS,Lauren SMITH,Ben LANE,Jessica PUGH,Jones Ralfy JANSEN,Carla NYENHUIS
5,2018,"
MARCH ",https://bwfworldtour.bwfbadminton.com/tournament/3146/yonex-german-open-2018,YONEX German Open 2018,06 - 11 MARCH,"PRIZE MONEY USD $150,000",https://extranet.bwf.sport/docs/tmt-category/WT_300.svg,Mülheim an der Ruhr,Germany,CHOU Tien Chen,NG Ka Long Angus,Kenta NISHIMOTO,SHI Yu Qi,Akane YAMAGUCHI,CHEN Yu Fei,Nitchaon JINDAPOL,Nozomi OKUHARA,Takuto INOUE,Yuki KANEKO,Fajar ALFIAN,Muhammad Rian ARDIANTO,Mohammad AHSAN,Hendra SETIAWAN,GOH V Shem,TAN Wee Kiong,Yuki FUKUSHIMA,Sayaka HIROTA,HUANG Dong Ping,ZHENG Yu,CHANG Ye Na,KIM Hyerin,Gabriela STOEVA,Stefani STOEVA,GOH Soon Huat,LAI Shevon Jemie,Niclas NOHR,Sara THYGESEN,HE Ji Ting,DU Yue,CHOI Sol Gyu,CHAE Yu Jung
6,2018,"
MARCH ",https://bwfworldtour.bwfbadminton.com/tournament/3141/yonex-all-england-open-2018,YONEX All England Open 2018,14 - 18 MARCH,"PRIZE MONEY USD $1,000,000",https://extranet.bwf.sport/docs/tmt-category/WT_1000.svg,Birmingham,England,SHI Yu Qi,LIN Dan,HUANG Yu Xiang,SON Wan Ho,TAI Tzu Ying,Akane YAMAGUCHI,CHEN Yu Fei,PUSARLA V. Sindhu,Marcus Fernaldi GIDEON,Kevin Sanjaya SUKAMULJO,Mathias BOE,Carsten MOGENSEN,Mads CONRAD-PETERSEN,Mads Pieler KOLDING,Hiroyuki ENDO,Yuta WATANABE,Kamilla Rytter JUHL,Christinna PEDERSEN,Yuki FUKUSHIMA,Sayaka HIROTA,Mayu MATSUMOTO,Wakana NAGAHARA,Shiho TANAKA,Koharu YONEMOTO,Yuta WATANABE,Arisa HIGASHINO,ZHENG Si Wei,HUANG Ya Qiong,ZHANG Nan,LI Yin Hui,Mathias CHRISTIANSEN,Christinna PEDERSEN
7,2018,"
MAY ",https://bwfworldtour.bwfbadminton.com/tournament/3147/barfoot-thompson-new-zealand-open-2018,BARFOOT & THOMPSON New Zealand Open 2018,01 - 06 MAY,"PRIZE MONEY USD $150,000",https://extranet.bwf.sport/docs/tmt-category/WT_300.svg,Auckland,New Zealand,LIN Dan,Jonatan CHRISTIE,HEO Kwang Hee,SAI PRANEETH B.,Sayaka TAKAHASHI,ZHANG Yi Man,HAN Yue,Minatsu MITANI,CHEN Hung Ling,WANG Chi-Lin,Berry ANGRIAWAN,Hardianto HARDIANTO,HE Ji Ting,TAN Qiang,Bodin ISARA,Nipitphon PHUANGPHUAPET,Ayako SAKURAMOTO,Yukiko TAKAHATA,CAO Tong Wei,ZHENG Yu,KIM Hyerin,KONG Hee Yong,Arisa HIGASHINO,Kie NAKANISHI,WANG Chi-Lin,LEE Chia Hsin,SEO Seung Jae,CHAE Yu Jung,Dechapol PUAVARANUKROH,Sapsiree TAERATTANACHAI,HE Ji Ting,DU Yue
8,2018,"
MAY ",https://bwfworldtour.bwfbadminton.com/tournament/3148/crown-group-australian-open-2018,CROWN GROUP Australian Open 2018,08 - 13 MAY,"PRIZE MONEY USD $150,000",https://extranet.bwf.sport/docs/tmt-category/WT_300.svg,Sydney,Australia,LU Guang Zu,ZHOU Ze Qi,LEE Cheuk Yiu,ZHAO Jun Peng,CAI Yan Yan,Ayumi MINE,CHEUNG Ngan Yi,Minatsu MITANI,Berry ANGRIAWAN,Hardianto HARDIANTO,Wahyu Nayaka ARYA PANGKARYANIRA,Ade Yusuf SANTOSO,ATTRI Manu,REDDY B. Sumeeth,Keiichiro MATSUI,Yoshinori TAKEUCHI,Ayako SAKURAMOTO,Yukiko TAKAHATA,BAEK Ha Na,LEE Yu Lim,Misato ARATAMA,Akane WATANABE,CHAE Yu Jung,KIM Hye Jeong,SEO Seung Jae,CHAE Yu Jung,CHAN Peng Soon,GOH Liu Ying,WANG Ze Kang,LI Yin Hui,CHOI Sol Gyu,KIM Ha Na
9,2018,"
JUNE ",https://bwfworldtour.bwfbadminton.com/tournament/3216/2018-yonex-us-open,2018 YONEX US Open,12 - 17 JUNE,"PRIZE MONEY USD $150,000",https://extranet.bwf.sport/docs/tmt-category/WT_300.svg,Fullerton,USA,LEE Dong Keun,Mark CALJOUW,Ajay JAYARAM,Khosit PHETPRADAB,LI Xue Rui,Beiwen ZHANG,Michelle LI,Aya OHORI,OU Xuan Yi,REN Xiang Yu,KANG Min Hyuk,KIM Won Ho,Jason Anthony HO-SHUE,Nyl YAKURA,JUNG Jae Wook,KIM Jaehwan,TANG Jin Hua,YU Xiao Han,KIM Hye Jeong,KIM So Yeong,Naoko FUKUMAN,Kurumi YONAO,CHOW Mei Kuan,Vivian HOO,CHAN Peng Soon,GOH Liu Ying,Marvin SEIDEL,Linda EFLER,Ben LANE,Jessica PUGH,Mark LAMSFUSS,Isabel LOHAU
10,2018,"
JUNE ",https://bwfworldtour.bwfbadminton.com/tournament/3142/celcom-axiata-malaysia-open-2018,CELCOM AXIATA Malaysia Open 2018,26 JUNE - 01 JULY,"PRIZE MONEY USD $700,000",https://extranet.bwf.sport/docs/tmt-category/WT_750.svg,Bukit Jalil,Malaysia,LEE Chong Wei,Kento MOMOTA,KIDAMBI Srikanth,Tommy SUGIARTO,TAI Tzu Ying,HE Bing Jiao,Ratchanok INTANON,PUSARLA V. Sindhu,Takeshi KAMURA,Keigo SONODA,Hiroyuki ENDO,Yuta WATANABE,HE Ji Ting,TAN Qiang,LI Jun Hui,LIU Yu Chen,Misaki MATSUTOMO,Ayaka TAKAHASHI,CHEN Qing Chen,JIA Yi Fan,Della Destiara HARIS,Rizki Amelia PRADIPTA,KIM Hyerin,KONG Hee Yong,ZHENG Si Wei,HUANG Ya Qiong,WANG Yi Lyu,HUANG Dong Ping,Yuta WATANABE,Arisa HIGASHINO,Chris ADCOCK,Gabrielle ADCOCK
11,2018,"
JULY ",https://bwfworldtour.bwfbadminton.com/tournament/3149/blibli-indonesia-open-2018,BLIBLI Indonesia Open 2018,03 - 08 JULY,"PRIZE MONEY USD $1,250,000",https://extranet.bwf.sport/docs/tmt-category/WT_1000.svg,Jakarta,Indonesia,Kento MOMOTA,Viktor AXELSEN,LEE Chong Wei,SHI Yu Qi,TAI Tzu Ying,CHEN Yu Fei,HE Bing Jiao,SUNG Jihyun,Marcus Fernaldi GIDEON,Kevin Sanjaya SUKAMULJO,Takuto INOUE,Yuki KANEKO,Fajar ALFIAN,Muhammad Rian ARDIANTO,LIAO Min Chun,SU Ching Heng,Yuki FUKUSHIMA,Sayaka HIROTA,Mayu MATSUMOTO,Wakana NAGAHARA,CHEN Qing Chen,JIA Yi Fan,Misaki MATSUTOMO,Ayaka TAKAHASHI,Tontowi AHMAD,Liliyana NATSIR,CHAN Peng Soon,GOH Liu Ying,ZHENG Si Wei,HUANG Ya Qiong,Hafiz FAIZAL,Gloria Emanuelle WIDJAJA
12,2018,"
JULY ",https://bwfworldtour.bwfbadminton.com/tournament/3150/toyota-thailand-open-2018,TOYOTA Thailand Open 2018,10 - 15 JULY,"PRIZE MONEY USD $350,000",https://extranet.bwf.sport/docs/tmt-category/WT_500.svg,Bangkok,Thailand,Kanta TSUNEYAMA,Tommy SUGIARTO,Suppanyu AVIHINGSANON,Sony Dwi KUNCORO,Nozomi OKUHARA,PUSARLA V. Sindhu,Gregoria Mariska TUNJUNG,Beiwen ZHANG,Takeshi KAMURA,Keigo SONODA,Hiroyuki ENDO,Yuta WATANABE,Takuto INOUE,Yuki KANEKO,Bodin ISARA,Maneepong JONGJIT,Greysia POLII,Apriyani RAHAYU,Misaki MATSUTOMO,Ayaka TAKAHASHI,Jongkolphan KITITHARAKUL,Rawinda PRAJONGJAI,Shiho TANAKA,Koharu YONEMOTO,Hafiz FAIZAL,Gloria Emanuelle WIDJAJA,Chris ADCOCK,Gabrielle ADCOCK,WANG Chi-Lin,LEE Chia Hsin,LU Kai,CHEN Lu
13,2018,"
JULY ",https://bwfworldtour.bwfbadminton.com/tournament/3151/singapore-open-2018,Singapore Open 2018,17 - 22 JULY,"PRIZE MONEY USD $355,000",https://extranet.bwf.sport/docs/tmt-category/WT_500.svg,Singapore,Singapore,CHOU Tien Chen,HSU Jen Hao,QIAO Bin,Tien Minh NGUYEN,Sayaka TAKAHASHI,GAO Fang Jie,HAN Yue,Nitchaon JINDAPOL,Mohammad AHSAN,Hendra SETIAWAN,OU Xuan Yi,REN Xiang Yu,HAN Cheng Kai,ZHOU Hao Dong,Angga PRATAMA,Rian Agung SAPUTRO,Ayako SAKURAMOTO,Yukiko TAKAHATA,Nami MATSUYAMA,Chiharu SHIDA,Jongkolphan KITITHARAKUL,Rawinda PRAJONGJAI,Isabel LOHAU,Carla NYENHUIS,GOH Soon Huat,LAI Shevon Jemie,Tontowi AHMAD,Liliyana NATSIR,Dechapol PUAVARANUKROH,Sapsiree TAERATTANACHAI,Akbar Bintang CAHYONO,Winny Oktavina KANDOW
14,2018,"
AUGUST ",https://bwfworldtour.bwfbadminton.com/tournament/3145/barcelona-spain-masters-2018,Barcelona Spain Masters 2018,28 AUGUST - 02 SEPTEMBER,"PRIZE MONEY USD $150,000",https://extranet.bwf.sport/docs/tmt-category/WT_300.svg,Barcelona,Spain,Rasmus GEMKE,Suppanyu AVIHINGSANON,Yu IGARASHI,Toby PENTY,Minatsu MITANI,Mia BLICHFELDT,Kirsty GILMOUR,Line Højmark KJAERSFELDT,KIM Gi Jung,LEE Yong Dae,Bodin ISARA,Maneepong JONGJIT,Akira KOGA,Taichi SAITO,CHEN Tang Jie,MAN Wei Chong,Mayu MATSUMOTO,Wakana NAGAHARA,Ayako SAKURAMOTO,Yukiko TAKAHATA,Misato ARATAMA,Akane WATANABE,Maiken FRUERGAARD,Sara THYGESEN,Niclas NOHR,Sara THYGESEN,Marcus ELLIS,Lauren SMITH,Kohei GONDO,Ayane KURIHARA,CHEN Tang Jie,PECK Yen Wei
15,2018,"
SEPTEMBER ",https://bwfworldtour.bwfbadminton.com/tournament/3152/daihatsu-yonex-japan-open-2018,DAIHATSU YONEX Japan Open 2018,11 - 16 SEPTEMBER,"PRIZE MONEY USD $700,000",https://extranet.bwf.sport/docs/tmt-category/WT_750.svg,Tokyo,Japan,Kento MOMOTA,Khosit PHETPRADAB,Viktor AXELSEN,LEE Dong Keun,Carolina MARIN,Nozomi OKUHARA,CHEN Yu Fei,Aya OHORI,Marcus Fernaldi GIDEON,Kevin Sanjaya SUKAMULJO,LI Jun Hui,LIU Yu Chen,CHEN Hung Ling,WANG Chi-Lin,HE Ji Ting,TAN Qiang,Yuki FUKUSHIMA,Sayaka HIROTA,CHEN Qing Chen,JIA Yi Fan,DU Yue,LI Yin Hui,Greysia POLII,Apriyani RAHAYU,ZHENG Si Wei,HUANG Ya Qiong,WANG Yi Lyu,HUANG Dong Ping,Yuta WATANABE,Arisa HIGASHINO,CHAN Peng Soon,GOH Liu Ying
16,2018,"
SEPTEMBER ",https://bwfworldtour.bwfbadminton.com/tournament/3153/victor-china-open-2018,VICTOR China Open 2018,18 - 23 SEPTEMBER,"PRIZE MONEY USD $1,000,000",https://extranet.bwf.sport/docs/tmt-category/WT_1000.svg,Changzhou,China,Anthony Sinisuka GINTING,Kento MOMOTA,CHOU Tien Chen,SHI Yu Qi,Carolina MARIN,CHEN Yu Fei,Nozomi OKUHARA,Akane YAMAGUCHI,Kim ASTRUP,Anders Skaarup RASMUSSEN,HAN Cheng Kai,ZHOU Hao Dong,CHEN Hung Ling,WANG Chi-Lin,Marcus Fernaldi GIDEON,Kevin Sanjaya SUKAMULJO,Misaki MATSUTOMO,Ayaka TAKAHASHI,Mayu MATSUMOTO,Wakana NAGAHARA,Greysia POLII,Apriyani RAHAYU,Gabriela STOEVA,Stefani STOEVA,ZHENG Si Wei,HUANG Ya Qiong,ZHANG Nan,LI Yin Hui,WANG Yi Lyu,HUANG Dong Ping,TANG Chun Man,TSE Ying Suet
17,2018,"
SEPTEMBER ",https://bwfworldtour.bwfbadminton.com/tournament/3154/victor-korea-open-2018,VICTOR Korea Open 2018,25 - 30 SEPTEMBER,"PRIZE MONEY USD $600,000",https://extranet.bwf.sport/docs/tmt-category/WT_500.svg,Seoul,Korea,CHOU Tien Chen,Tommy SUGIARTO,Jonatan CHRISTIE,Kenta NISHIMOTO,Nozomi OKUHARA,Beiwen ZHANG,SUNG Jihyun,Akane YAMAGUCHI,Hiroyuki ENDO,Yuta WATANABE,Takuro HOKI,Yugo KOBAYASHI,CHOI Sol Gyu,SEO Seung Jae,CHOOI Kah Ming,LOW Juan Shen,Misaki MATSUTOMO,Ayaka TAKAHASHI,Yuki FUKUSHIMA,Sayaka HIROTA,Naoko FUKUMAN,Kurumi YONAO,Shiho TANAKA,Koharu YONEMOTO,HE Ji Ting,DU Yue,Mathias CHRISTIANSEN,Christinna PEDERSEN,SEO Seung Jae,CHAE Yu Jung,Dechapol PUAVARANUKROH,Sapsiree TAERATTANACHAI
18,2018,"
OCTOBER ",https://bwfworldtour.bwfbadminton.com/tournament/3156/danisa-denmark-open-2018,DANISA Denmark Open 2018,16 - 21 OCTOBER,"PRIZE MONEY USD $775,000",https://extranet.bwf.sport/docs/tmt-category/WT_750.svg,Odense,Denmark,Kento MOMOTA,CHOU Tien Chen,Anders ANTONSEN,KIDAMBI Srikanth,TAI Tzu Ying,Saina NEHWAL,HE Bing Jiao,Gregoria Mariska TUNJUNG,Marcus Fernaldi GIDEON,Kevin Sanjaya SUKAMULJO,Takeshi KAMURA,Keigo SONODA,Mohammad AHSAN,Hendra SETIAWAN,Marcus ELLIS,Chris LANGRIDGE,Yuki FUKUSHIMA,Sayaka HIROTA,Shiho TANAKA,Koharu YONEMOTO,KIM Hye Jeong,KONG Hee Yong,Greysia POLII,Apriyani RAHAYU,ZHENG Si Wei,HUANG Ya Qiong,Dechapol PUAVARANUKROH,Sapsiree TAERATTANACHAI,SEO Seung Jae,CHAE Yu Jung,Tontowi AHMAD,Liliyana NATSIR
19,2018,"
OCTOBER ",https://bwfworldtour.bwfbadminton.com/tournament/3157/yonex-french-open-2018,YONEX French Open 2018,23 - 28 OCTOBER,"PRIZE MONEY USD $750,000",https://extranet.bwf.sport/docs/tmt-category/WT_750.svg,Paris,France,CHEN Long,SHI Yu Qi,Rasmus GEMKE,Kento MOMOTA,Akane YAMAGUCHI,TAI Tzu Ying,CHEN Yu Fei,HE Bing Jiao,HAN Cheng Kai,ZHOU Hao Dong,Marcus Fernaldi GIDEON,Kevin Sanjaya SUKAMULJO,LEE Jhe-Huei,LEE Yang,Satwiksairaj RANKIREDDY,Chirag SHETTY,Mayu MATSUMOTO,Wakana NAGAHARA,Gabriela STOEVA,Stefani STOEVA,LEE So Hee,SHIN Seung Chan,Greysia POLII,Apriyani RAHAYU,ZHENG Si Wei,HUANG Ya Qiong,SEO Seung Jae,CHAE Yu Jung,Yuta WATANABE,Arisa HIGASHINO,Dechapol PUAVARANUKROH,Sapsiree TAERATTANACHAI
20,2018,"
OCTOBER ",https://bwfworldtour.bwfbadminton.com/tournament/3158/macau-open-2018,Macau Open 2018,30 OCTOBER - 04 NOVEMBER,"PRIZE MONEY USD $150,000",https://extranet.bwf.sport/docs/tmt-category/WT_300.svg,Macau City,Macau China,LEE Hyun Il,ZHOU Ze Qi,LU Chia Hung,Sitthikom THAMMASIN,Michelle LI,HAN Yue,CHEUNG Ngan Yi,Ayumi MINE,KIM Gi Jung,LEE Yong Dae,KO Sung Hyun,SHIN Baek Cheol,CHANG Ko-Chi,LU Chia Pin,LU Ching Yao,YANG Po Han,Vivian HOO,YAP Cheng Wen,Misato ARATAMA,Akane WATANABE,Yulfira BARKAH,Jauza Fadhila SUGIARTO,Nami MATSUYAMA,Chiharu SHIDA,TANG Chun Man,TSE Ying Suet,LEE Chun Hei Reginald,CHAU Hoi Wah,HOO Pang Ron,CHEAH Yee See,Akbar Bintang CAHYONO,Winny Oktavina KANDOW
21,2018,"
NOVEMBER ",https://bwfworldtour.bwfbadminton.com/tournament/3159/fuzhou-china-open-2018,Fuzhou China Open 2018,06 - 11 NOVEMBER,"PRIZE MONEY USD $700,000",https://extranet.bwf.sport/docs/tmt-category/WT_750.svg,Fuzhou,China,Kento MOMOTA,CHOU Tien Chen,CHEN Long,SHI Yu Qi,CHEN Yu Fei,Nozomi OKUHARA,HE Bing Jiao,Carolina MARIN,Marcus Fernaldi GIDEON,Kevin Sanjaya SUKAMULJO,HE Ji Ting,TAN Qiang,Mohammad AHSAN,Hendra SETIAWAN,LIU Cheng,ZHANG Nan,LEE So Hee,SHIN Seung Chan,Mayu MATSUMOTO,Wakana NAGAHARA,CHAE Yu Jung,KIM So Yeong,Misaki MATSUTOMO,Ayaka TAKAHASHI,ZHENG Si Wei,HUANG Ya Qiong,WANG Yi Lyu,HUANG Dong Ping,Yuta WATANABE,Arisa HIGASHINO,HE Ji Ting,DU Yue
22,2018,"
NOVEMBER ",https://bwfworldtour.bwfbadminton.com/tournament/3337/yonex-sunrise-hong-kong-open-2018,YONEX-SUNRISE Hong Kong Open 2018,13 - 18 NOVEMBER,"PRIZE MONEY USD $400,000",https://extranet.bwf.sport/docs/tmt-category/WT_500.svg,Kowloon,Hong Kong China,SON Wan Ho,Kenta NISHIMOTO,LEE Cheuk Yiu,Kento MOMOTA,Nozomi OKUHARA,Ratchanok INTANON,SUNG Jihyun,TAI Tzu Ying,Marcus Fernaldi GIDEON,Kevin Sanjaya SUKAMULJO,Takeshi KAMURA,Keigo SONODA,Mohammad AHSAN,Hendra SETIAWAN,Fajar ALFIAN,Muhammad Rian ARDIANTO,Yuki FUKUSHIMA,Sayaka HIROTA,LEE So Hee,SHIN Seung Chan,Greysia POLII,Apriyani RAHAYU,Shiho TANAKA,Koharu YONEMOTO,Yuta WATANABE,Arisa HIGASHINO,WANG Yi Lyu,HUANG Dong Ping,Dechapol PUAVARANUKROH,Sapsiree TAERATTANACHAI,LEE Yang,HSU Ya Ching
23,2018,"
NOVEMBER ",https://bwfworldtour.bwfbadminton.com/tournament/3171/syed-modi-international-badminton-championships-2018,Syed Modi International Badminton Championships 2018,20 - 25 NOVEMBER,"PRIZE MONEY USD $150,000",https://extranet.bwf.sport/docs/tmt-category/WT_300.svg,Lucknow,India,Sameer VERMA,LU Guang Zu,Chico  Aura DWI WARDOYO,Sitthikom THAMMASIN,HAN Yue,Saina NEHWAL,Ruselli HARTAWAN,LI Xue Rui,Fajar ALFIAN,Muhammad Rian ARDIANTO,Satwiksairaj RANKIREDDY,Chirag SHETTY,Mathias BOE,Carsten MOGENSEN,Vladimir IVANOV,Ivan SOZONOV,CHOW Mei Kuan,LEE Meng Yean,Ashwini PONNAPPA,REDDY Sikki,Ekaterina MALKOVA,Alina DAVLETOVA,Della Destiara HARIS,Rizki Amelia PRADIPTA,OU Xuan Yi,FENG Xue Ying,Rinov RIVALDY,Pitha Haningtyas MENTARI,Satwiksairaj RANKIREDDY,Ashwini PONNAPPA,Alfian Eko PRASETYA,Marsheilla Gischa ISLAMI
24,2018,"
NOVEMBER ",https://bwfworldtour.bwfbadminton.com/tournament/3161/gwangju-korea-masters-2018,GWANGJU Korea Masters 2018,27 NOVEMBER - 02 DECEMBER,"PRIZE MONEY USD $250,000",https://extranet.bwf.sport/docs/tmt-category/WT_300.svg,Gwangju,Korea,SON Wan Ho,LEE Zii Jia,LEE Cheuk Yiu,Sitthikom THAMMASIN,LI Xue Rui,HAN Yue,GOH Jin Wei,KIM Hyo Min,CHOI Sol Gyu,SEO Seung Jae,PO Li-Wei,WANG Chi-Lin,KIM Sa Rang,TAN Boon Heong,LU Ching Yao,YANG Po Han,CHANG Ye Na,JUNG Kyung Eun,LEE So Hee,SHIN Seung Chan,Yulfira BARKAH,Jauza Fadhila SUGIARTO,BAEK Ha Na,KIM Hyerin,KO Sung Hyun,EOM Hye Won,CHOI Sol Gyu,SHIN Seung Chan,Hee Chun MAK,CHAU Hoi Wah,Praveen JORDAN,Melati Daeva OKTAVIANTI
25,2019,JANUARY,https://bwfworldtour.bwfbadminton.com/tournament/3350/princess-sirivannavari-thailand-masters-2019,PRINCESS SIRIVANNAVARI Thailand Masters 2019,08 - 13 JANUARY,"PRIZE MONEY USD $150,000",https://extranet.bwf.sport/docs/tmt-category/WT_300.svg,Bangkok,Thailand,LOH Kean Yew,LIN Dan,Brice LEVERDEZ,LU Guang Zu,Fitriani FITRIANI,Busanan ONGBAMRUNGPHAN,Pornpawee CHOCHUWONG,DENG Joy Xuan,GOH V Shem,TAN Wee Kiong,LU Ching Yao,YANG Po Han,GOH Sze Fei,Nur IZZUDDIN,Akira KOGA,Taichi SAITO,Puttita SUPAJIRAKUL,Sapsiree TAERATTANACHAI,LI Wen Mei,ZHENG Yu,Ekaterina MALKOVA,Alina DAVLETOVA,Selena PIEK,Cheryl SEINEN,CHAN Peng Soon,GOH Liu Ying,Dechapol PUAVARANUKROH,Sapsiree TAERATTANACHAI,TANG Chun Man,NG Tsz Yau,Nipitphon PHUANGPHUAPET,Savitree AMITRAPAI
26,2019,JANUARY,https://bwfworldtour.bwfbadminton.com/tournament/3351/perodua-malaysia-masters-2019,PERODUA Malaysia Masters 2019,15 - 20 JANUARY,"PRIZE MONEY USD $350,000",https://extranet.bwf.sport/docs/tmt-category/WT_500.svg,Kuala Lumpur,Malaysia,SON Wan Ho,CHEN Long,Viktor AXELSEN,LIEW Daren,Ratchanok INTANON,Carolina MARIN,GOH Jin Wei,Saina NEHWAL,Marcus Fernaldi GIDEON,Kevin Sanjaya SUKAMULJO,ONG Yew Sin,TEO Ee Yi,Aaron CHIA,SOH Wooi Yik,GOH V Shem,TAN Wee Kiong,Yuki FUKUSHIMA,Sayaka HIROTA,Greysia POLII,Apriyani RAHAYU,Mayu MATSUMOTO,Wakana NAGAHARA,Misaki MATSUTOMO,Ayaka TAKAHASHI,Yuta WATANABE,Arisa HIGASHINO,Dechapol PUAVARANUKROH,Sapsiree TAERATTANACHAI,Robin TABELING,Selena PIEK,CHAN Peng Soon,GOH Liu Ying
27,2019,JANUARY,https://bwfworldtour.bwfbadminton.com/tournament/3388/daihatsu-indonesia-masters-2019,DAIHATSU Indonesia Masters 2019,22 - 27 JANUARY,"PRIZE MONEY USD $350,000",https://extranet.bwf.sport/docs/tmt-category/WT_500.svg,Jakarta,Indonesia,Anders ANTONSEN,Kento MOMOTA,Viktor AXELSEN,Jonatan CHRISTIE,Saina NEHWAL,Carolina MARIN,CHEN Yu Fei,HE Bing Jiao,Marcus Fernaldi GIDEON,Kevin Sanjaya SUKAMULJO,Mohammad AHSAN,Hendra SETIAWAN,Kim ASTRUP,Anders Skaarup RASMUSSEN,HAN Cheng Kai,ZHOU Hao Dong,Misaki MATSUTOMO,Ayaka TAKAHASHI,KIM So Yeong,KONG Hee Yong,Mayu MATSUMOTO,Wakana NAGAHARA,Greysia POLII,Apriyani RAHAYU,ZHENG Si Wei,HUANG Ya Qiong,Tontowi AHMAD,Liliyana NATSIR,Yuta WATANABE,Arisa HIGASHINO,CHAN Peng Soon,GOH Liu Ying
28,2019,"
FEBRUARY ",https://bwfworldtour.bwfbadminton.com/tournament/3498/barcelona-spain-masters-2019,Barcelona Spain Masters 2019,19 - 24 FEBRUARY,"PRIZE MONEY USD $150,000",https://extranet.bwf.sport/docs/tmt-category/WT_300.svg,Barcelona,Spain,Viktor AXELSEN,Anders ANTONSEN,REN Peng Bo,ZHAO Jun Peng,Mia BLICHFELDT,Line Højmark KJAERSFELDT,CAI Yan Yan,HAN Yue,LEE Yang,WANG Chi-Lin,KIM Won Ho,SEO Seung Jae,Mathias BOE,Carsten MOGENSEN,LU Ching Yao,YANG Po Han,KIM So Yeong,KONG Hee Yong,Nami MATSUYAMA,Chiharu SHIDA,BAEK Ha Na,KIM Hyerin,Gabriela STOEVA,Stefani STOEVA,SEO Seung Jae,CHAE Yu Jung,WANG Chi-Lin,CHENG Chi Ya,Marcus ELLIS,Lauren SMITH,CHOI Sol Gyu,KIM So Yeong
29,2019,"
FEBRUARY ",https://bwfworldtour.bwfbadminton.com/tournament/3352/yonex-german-open-2019,YONEX German Open 2019,26 FEBRUARY - 03 MARCH,"PRIZE MONEY USD $150,000",https://extranet.bwf.sport/docs/tmt-category/WT_300.svg,Muelheim an der Ruhr,Germany,Kento MOMOTA,Kenta NISHIMOTO,CHOU Tien Chen,Hans-Kristian Solberg VITTINGHUS,Akane YAMAGUCHI,Ratchanok INTANON,GOH Jin Wei,Nozomi OKUHARA,Hiroyuki ENDO,Yuta WATANABE,Takeshi KAMURA,Keigo SONODA,GOH Sze Fei,Nur IZZUDDIN,Bodin ISARA,Maneepong JONGJIT,DU Yue,LI Yin Hui,Misaki MATSUTOMO,Ayaka TAKAHASHI,Yuki FUKUSHIMA,Sayaka HIROTA,Mayu MATSUMOTO,Wakana NAGAHARA,SEO Seung Jae,CHAE Yu Jung,Hafiz FAIZAL,Gloria Emanuelle WIDJAJA,Robin TABELING,Selena PIEK,GOH Soon Huat,LAI Shevon Jemie
30,2019,"
MARCH ",https://bwfworldtour.bwfbadminton.com/tournament/3376/yonex-all-england-open-badminton-championships-2019,YONEX All England Open Badminton Championships 2019,06 - 10 MARCH,"PRIZE MONEY USD $1,000,000",https://extranet.bwf.sport/docs/tmt-category/WT_1000.svg,Birmingham,England,Kento MOMOTA,Viktor AXELSEN,NG Ka Long Angus,SHI Yu Qi,CHEN Yu Fei,TAI Tzu Ying,Nozomi OKUHARA,Akane YAMAGUCHI,Mohammad AHSAN,Hendra SETIAWAN,Aaron CHIA,SOH Wooi Yik,Fajar ALFIAN,Muhammad Rian ARDIANTO,Takeshi KAMURA,Keigo SONODA,CHEN Qing Chen,JIA Yi Fan,Mayu MATSUMOTO,Wakana NAGAHARA,Yuki FUKUSHIMA,Sayaka HIROTA,Shiho TANAKA,Koharu YONEMOTO,ZHENG Si Wei,HUANG Ya Qiong,Yuta WATANABE,Arisa HIGASHINO,Praveen JORDAN,Melati Daeva OKTAVIANTI,GOH Soon Huat,LAI Shevon Jemie
31,2019,"
MARCH ",https://bwfworldtour.bwfbadminton.com/tournament/3439/yonex-swiss-open-2019,YONEX Swiss Open 2019,12 - 17 MARCH,"PRIZE MONEY USD $150,000",https://extranet.bwf.sport/docs/tmt-category/WT_300.svg,Basel,Switzerland,SHI Yu Qi,SAI PRANEETH B.,CHEN Long,Anthony Sinisuka GINTING,CHEN Yu Fei,Saena KAWAKAMI,SUNG Jihyun,Beiwen ZHANG,Fajar ALFIAN,Muhammad Rian ARDIANTO,LEE Yang,WANG Chi-Lin,Marcus ELLIS,Chris LANGRIDGE,KIM Gi Jung,LEE Yong Dae,CHANG Ye Na,JUNG Kyung Eun,Nami MATSUYAMA,Chiharu SHIDA,Gabriela STOEVA,Stefani STOEVA,LI Wen Mei,ZHENG Yu,Mathias BAY-SMIDT,Rikke SØBY,Rinov RIVALDY,Pitha Haningtyas MENTARI,LU Kai,CHEN Lu,LU Ching Yao,LEE Chia Hsin
32,2019,"
MARCH ",https://bwfworldtour.bwfbadminton.com/tournament/3392/yonex-sunrise-india-open-2019,YONEX-SUNRISE India Open 2019,26 - 31 MARCH,"PRIZE MONEY USD $350,000",https://extranet.bwf.sport/docs/tmt-category/WT_500.svg,New Delhi,India,Viktor AXELSEN,KIDAMBI Srikanth,HUANG Yu Xiang,PARUPALLI Kashyap,Ratchanok INTANON,HE Bing Jiao,HAN Yue,PUSARLA V. Sindhu,LEE Yang,WANG Chi-Lin,Ricky KARANDASUWARDI,Angga PRATAMA,Kim ASTRUP,Anders Skaarup RASMUSSEN,ATTRI Manu,REDDY B. Sumeeth,Greysia POLII,Apriyani RAHAYU,CHOW Mei Kuan,LEE Meng Yean,Della Destiara HARIS,Tania Oktaviani KUSUMAH,Jongkolphan KITITHARAKUL,Rawinda PRAJONGJAI,WANG Yi Lyu,HUANG Dong Ping,Praveen JORDAN,Melati Daeva OKTAVIANTI,LEE Yang,YANG Ching Tun,Hafiz FAIZAL,Gloria Emanuelle WIDJAJA
33,2019,"
APRIL ",https://bwfworldtour.bwfbadminton.com/tournament/3355/celcom-axiata-malaysia-open-2019,CELCOM AXIATA Malaysia Open 2019,02 - 07 APRIL,"PRIZE MONEY USD $700,000",https://extranet.bwf.sport/docs/tmt-category/WT_750.svg,Kuala Lumpur,Malaysia,LIN Dan,CHEN Long,Jonatan CHRISTIE,SHI Yu Qi,TAI Tzu Ying,Akane YAMAGUCHI,CHEN Yu Fei,Nozomi OKUHARA,LI Jun Hui,LIU Yu Chen,Takeshi KAMURA,Keigo SONODA,Fajar ALFIAN,Muhammad Rian ARDIANTO,Takuro HOKI,Yugo KOBAYASHI,CHEN Qing Chen,JIA Yi Fan,DU Yue,LI Yin Hui,CHANG Ye Na,JUNG Kyung Eun,Jongkolphan KITITHARAKUL,Rawinda PRAJONGJAI,ZHENG Si Wei,HUANG Ya Qiong,WANG Yi Lyu,HUANG Dong Ping,TAN Kian Meng,LAI Pei Jing,Dechapol PUAVARANUKROH,Sapsiree TAERATTANACHAI
34,2019,"
APRIL ",https://bwfworldtour.bwfbadminton.com/tournament/3356/singapore-open-2019,Singapore Open 2019,09 - 14 APRIL,"PRIZE MONEY USD $355,000",https://extranet.bwf.sport/docs/tmt-category/WT_500.svg,Singapore,Singapore,Kento MOMOTA,Anthony Sinisuka GINTING,Viktor AXELSEN,CHOU Tien Chen,TAI Tzu Ying,Nozomi OKUHARA,PUSARLA V. Sindhu,Akane YAMAGUCHI,Takeshi KAMURA,Keigo SONODA,Mohammad AHSAN,Hendra SETIAWAN,LI Jun Hui,LIU Yu Chen,Marcus Fernaldi GIDEON,Kevin Sanjaya SUKAMULJO,Mayu MATSUMOTO,Wakana NAGAHARA,KIM Hye Jeong,KONG Hee Yong,Yuki FUKUSHIMA,Sayaka HIROTA,LIU Xuan Xuan,XIA Yu Ting,Dechapol PUAVARANUKROH,Sapsiree TAERATTANACHAI,TAN Kian Meng,LAI Pei Jing,ZHENG Si Wei,HUANG Ya Qiong,Hafiz FAIZAL,Gloria Emanuelle WIDJAJA
35,2019,"
APRIL ",https://bwfworldtour.bwfbadminton.com/tournament/3357/barfoot-thompson-new-zealand-open-2019,BARFOOT & THOMPSON New Zealand Open 2019,30 APRIL - 05 MAY,"PRIZE MONEY USD $150,000",https://extranet.bwf.sport/docs/tmt-category/WT_300.svg,Auckland,New Zealand,Jonatan CHRISTIE,NG Ka Long Angus,LIN Dan,Kanta TSUNEYAMA,AN Se Young,LI Xue Rui,Aya OHORI,Akane YAMAGUCHI,Mohammad AHSAN,Hendra SETIAWAN,Hiroyuki ENDO,Yuta WATANABE,GOH V Shem,TAN Wee Kiong,Takeshi KAMURA,Keigo SONODA,KIM So Yeong,KONG Hee Yong,Misaki MATSUTOMO,Ayaka TAKAHASHI,DONG Wen Jing,FENG Xue Ying,Yuki FUKUSHIMA,Sayaka HIROTA,CHAN Peng Soon,GOH Liu Ying,Praveen JORDAN,Melati Daeva OKTAVIANTI,WANG Chi-Lin,CHENG Chi Ya,Hafiz FAIZAL,Gloria Emanuelle WIDJAJA
36,2019,"
JUNE ",https://bwfworldtour.bwfbadminton.com/tournament/3358/crown-group-australian-open-2019,CROWN GROUP Australian Open 2019,04 - 09 JUNE,"PRIZE MONEY USD $150,000",https://extranet.bwf.sport/docs/tmt-category/WT_300.svg,Sydney,Australia,Jonatan CHRISTIE,Anthony Sinisuka GINTING,CHOU Tien Chen,WANG Tzu Wei,CHEN Yu Fei,Nozomi OKUHARA,Ratchanok INTANON,Nitchaon JINDAPOL,KO Sung Hyun,SHIN Baek Cheol,Takeshi KAMURA,Keigo SONODA,CHOI Sol Gyu,SEO Seung Jae,LI Jun Hui,LIU Yu Chen,Yuki FUKUSHIMA,Sayaka HIROTA,CHEN Qing Chen,JIA Yi Fan,Greysia POLII,Apriyani RAHAYU,Misaki MATSUTOMO,Ayaka TAKAHASHI,WANG Yi Lyu,HUANG Dong Ping,Praveen JORDAN,Melati Daeva OKTAVIANTI,Yuta WATANABE,Arisa HIGASHINO,TANG Chun Man,TSE Ying Suet
37,2019,"
JULY ",https://bwfworldtour.bwfbadminton.com/tournament/3521/yonex-us-open-2019,YONEX US Open 2019,09 - 14 JULY,"PRIZE MONEY USD $150,000",https://extranet.bwf.sport/docs/tmt-category/WT_300.svg,Fullerton,USA,LIN Chun-Yi,Tanongsak SAENSOMBOONSUK,LIN Yu Hsien,Sourabh VERMA,WANG Zhi Yi,KIM Ga Eun,Ayumi MINE,Michelle LI,KO Sung Hyun,SHIN Baek Cheol,LEE Yang,WANG Chi-Lin,Hiroki OKAMURA,Masayuki ONODERA,LEE Yong Dae,YOO Yeon Seong,Nami MATSUYAMA,Chiharu SHIDA,BAEK Ha Na,JUNG Kyung Eun,CHENG Chi Ya,LEE Chih Chen,CHEN Xiao Fei,ZHANG Shu Xian,LEE Jhe-Huei,HSU Ya Ching,Thom GICQUEL,Delphine DELRUE,YANG Po-Hsuan,HU Ling Fang,Ben LANE,Jessica PUGH
38,2019,"
JULY ",https://bwfworldtour.bwfbadminton.com/tournament/3394/blibli-indonesia-open-2019,BLIBLI Indonesia Open 2019,16 - 21 JULY,"PRIZE MONEY USD $1,250,000",https://extranet.bwf.sport/docs/tmt-category/WT_1000.svg,Jakarta,Indonesia,CHOU Tien Chen,Anders ANTONSEN,Kantaphon WANGCHAROEN,WONG Wing Ki Vincent,Akane YAMAGUCHI,PUSARLA V. Sindhu,CHEN Yu Fei,TAI Tzu Ying,Marcus Fernaldi GIDEON,Kevin Sanjaya SUKAMULJO,Mohammad AHSAN,Hendra SETIAWAN,Takuro HOKI,Yugo KOBAYASHI,LI Jun Hui,LIU Yu Chen,Yuki FUKUSHIMA,Sayaka HIROTA,Misaki MATSUTOMO,Ayaka TAKAHASHI,CHEN Qing Chen,JIA Yi Fan,LEE So Hee,SHIN Seung Chan,ZHENG Si Wei,HUANG Ya Qiong,WANG Yi Lyu,HUANG Dong Ping,TAN Kian Meng,LAI Pei Jing,CHAN Peng Soon,GOH Liu Ying
39,2019,"
JULY ",https://bwfworldtour.bwfbadminton.com/tournament/3359/daihatsu-yonex-japan-open-2019,DAIHATSU YONEX Japan Open 2019,23 - 28 JULY,"PRIZE MONEY USD $750,000",https://extranet.bwf.sport/docs/tmt-category/WT_750.svg,Tokyo,Japan,Kento MOMOTA,Jonatan CHRISTIE,Jan O JORGENSEN,SAI PRANEETH B.,Akane YAMAGUCHI,Nozomi OKUHARA,CHEN Yu Fei,Michelle LI,Marcus Fernaldi GIDEON,Kevin Sanjaya SUKAMULJO,Mohammad AHSAN,Hendra SETIAWAN,LI Jun Hui,LIU Yu Chen,Takeshi KAMURA,Keigo SONODA,KIM So Yeong,KONG Hee Yong,Mayu MATSUMOTO,Wakana NAGAHARA,Misaki MATSUTOMO,Ayaka TAKAHASHI,LI Wen Mei,ZHENG Yu,WANG Yi Lyu,HUANG Dong Ping,Praveen JORDAN,Melati Daeva OKTAVIANTI,Hafiz FAIZAL,Gloria Emanuelle WIDJAJA,CHAN Peng Soon,GOH Liu Ying
40,2019,"
JULY ",https://bwfworldtour.bwfbadminton.com/tournament/3360/toyota-thailand-open-2019,TOYOTA Thailand Open 2019,30 JULY - 04 AUGUST,"PRIZE MONEY USD $350,000",https://extranet.bwf.sport/docs/tmt-category/WT_500.svg,Bangkok,Thailand,CHOU Tien Chen,NG Ka Long Angus,LEE Zii Jia,Kanta TSUNEYAMA,CHEN Yu Fei,Ratchanok INTANON,Pornpawee CHOCHUWONG,Sayaka TAKAHASHI,Satwiksairaj RANKIREDDY,Chirag SHETTY,LI Jun Hui,LIU Yu Chen,Hiroyuki ENDO,Yuta WATANABE,KO Sung Hyun,SHIN Baek Cheol,Shiho TANAKA,Koharu YONEMOTO,DU Yue,LI Yin Hui,CHANG Ye Na,KIM Hyerin,LEE So Hee,SHIN Seung Chan,WANG Yi Lyu,HUANG Dong Ping,Yuta WATANABE,Arisa HIGASHINO,TANG Chun Man,TSE Ying Suet,Dechapol PUAVARANUKROH,Sapsiree TAERATTANACHAI
41,2019,"
SEPTEMBER ",https://bwfworldtour.bwfbadminton.com/tournament/3362/yonex-chinese-taipei-open-2019,YONEX Chinese Taipei Open 2019,03 - 08 SEPTEMBER,"PRIZE MONEY USD $500,000",https://extranet.bwf.sport/docs/tmt-category/WT_300.svg,Taipei,Chinese Taipei,CHOU Tien Chen,HEO Kwang Hee,Shesar Hiren RHUSTAVITO,Koki WATANABE,SUNG Jihyun,Michelle LI,AN Se Young,Supanida KATETHONG,GOH V Shem,TAN Wee Kiong,CHOI Sol Gyu,SEO Seung Jae,Mathias BOE,Mads CONRAD-PETERSEN,LEE Yang,WANG Chi-Lin,Jongkolphan KITITHARAKUL,Rawinda PRAJONGJAI,KIM So Yeong,KONG Hee Yong,Greysia POLII,Apriyani RAHAYU,Siti Fadia Silva RAMADHANTI,Ribka SUGIARTO,TANG Chun Man,TSE Ying Suet,SEO Seung Jae,CHAE Yu Jung,Hafiz FAIZAL,Gloria Emanuelle WIDJAJA,CHAN Peng Soon,GOH Liu Ying
42,2019,"
SEPTEMBER ",https://bwfworldtour.bwfbadminton.com/tournament/3364/victor-china-open-2019,VICTOR China Open 2019,17 - 22 SEPTEMBER,"PRIZE MONEY USD $1,000,000",https://extranet.bwf.sport/docs/tmt-category/WT_1000.svg,Changzhou,China,Kento MOMOTA,Anthony Sinisuka GINTING,Anders ANTONSEN,CHEN Long,Carolina MARIN,TAI Tzu Ying,CHEN Yu Fei,Sayaka TAKAHASHI,Marcus Fernaldi GIDEON,Kevin Sanjaya SUKAMULJO,Mohammad AHSAN,Hendra SETIAWAN,Fajar ALFIAN,Muhammad Rian ARDIANTO,LI Jun Hui,LIU Yu Chen,CHEN Qing Chen,JIA Yi Fan,Misaki MATSUTOMO,Ayaka TAKAHASHI,CHANG Ye Na,KIM Hyerin,Yuki FUKUSHIMA,Sayaka HIROTA,ZHENG Si Wei,HUANG Ya Qiong,WANG Yi Lyu,HUANG Dong Ping,SEO Seung Jae,CHAE Yu Jung,Dechapol PUAVARANUKROH,Sapsiree TAERATTANACHAI
43,2019,"
SEPTEMBER ",https://bwfworldtour.bwfbadminton.com/tournament/3365/korea-open-2019,Korea Open 2019,24 - 29 SEPTEMBER,"PRIZE MONEY USD $400,000",https://extranet.bwf.sport/docs/tmt-category/WT_500.svg,Incheon,Korea,Kento MOMOTA,CHOU Tien Chen,PARUPALLI Kashyap,WANG Tzu Wei,HE Bing Jiao,Ratchanok INTANON,Michelle LI,TAI Tzu Ying,Fajar ALFIAN,Muhammad Rian ARDIANTO,Takeshi KAMURA,Keigo SONODA,CHOI Sol Gyu,SEO Seung Jae,LI Jun Hui,LIU Yu Chen,KIM So Yeong,KONG Hee Yong,LEE So Hee,SHIN Seung Chan,Ayako SAKURAMOTO,Yukiko TAKAHATA,Nami MATSUYAMA,Chiharu SHIDA,Dechapol PUAVARANUKROH,Sapsiree TAERATTANACHAI,ZHENG Si Wei,HUANG Ya Qiong,SEO Seung Jae,CHAE Yu Jung,Rinov RIVALDY,Pitha Haningtyas MENTARI
44,2019,"
OCTOBER ",https://bwfworldtour.bwfbadminton.com/tournament/3367/danisa-denmark-open-2019,DANISA Denmark Open 2019,15 - 20 OCTOBER,"PRIZE MONEY USD $775,000",https://extranet.bwf.sport/docs/tmt-category/WT_750.svg,Odense V,Denmark,Kento MOMOTA,CHEN Long,Viktor AXELSEN,Tommy SUGIARTO,TAI Tzu Ying,Nozomi OKUHARA,CHEN Yu Fei,Carolina MARIN,Marcus Fernaldi GIDEON,Kevin Sanjaya SUKAMULJO,Mohammad AHSAN,Hendra SETIAWAN,Takeshi KAMURA,Keigo SONODA,LU Ching Yao,YANG Po Han,BAEK Ha Na,JUNG Kyung Eun,CHEN Qing Chen,JIA Yi Fan,Yuki FUKUSHIMA,Sayaka HIROTA,Mayu MATSUMOTO,Wakana NAGAHARA,Praveen JORDAN,Melati Daeva OKTAVIANTI,WANG Yi Lyu,HUANG Dong Ping,WANG Chi-Lin,CHENG Chi Ya,SEO Seung Jae,CHAE Yu Jung
45,2019,"
OCTOBER ",https://bwfworldtour.bwfbadminton.com/tournament/3368/yonex-french-open-2019,YONEX French Open 2019,22 - 27 OCTOBER,"PRIZE MONEY USD $750,000",https://extranet.bwf.sport/docs/tmt-category/WT_750.svg,PARIS,France,CHEN Long,Jonatan CHRISTIE,Viktor AXELSEN,Anthony Sinisuka GINTING,AN Se Young,Carolina MARIN,TAI Tzu Ying,Akane YAMAGUCHI,Marcus Fernaldi GIDEON,Kevin Sanjaya SUKAMULJO,Satwiksairaj RANKIREDDY,Chirag SHETTY,Hiroyuki ENDO,Yuta WATANABE,LIAO Min Chun,SU Ching Heng,LEE So Hee,SHIN Seung Chan,KIM So Yeong,KONG Hee Yong,Yuki FUKUSHIMA,Sayaka HIROTA,Mayu MATSUMOTO,Wakana NAGAHARA,Praveen JORDAN,Melati Daeva OKTAVIANTI,ZHENG Si Wei,HUANG Ya Qiong,Yuta WATANABE,Arisa HIGASHINO,Chris ADCOCK,Gabrielle ADCOCK
46,2019,"
OCTOBER ",https://bwfworldtour.bwfbadminton.com/tournament/3377/macau-open-2019,Macau Open 2019,29 OCTOBER - 03 NOVEMBER,"PRIZE MONEY USD $150,000",https://extranet.bwf.sport/docs/tmt-category/WT_300.svg,Macau,Macau China,Sitthikom THAMMASIN,SHI Yu Qi,SUN Fei Xiang,Kantaphon WANGCHAROEN,Michelle LI,HAN Yue,Natsuki NIDAIRA,KIM Ga Eun,LI Jun Hui,LIU Yu Chen,HUANG Kai Xiang,LIU Cheng,GOH Sze Fei,Nur IZZUDDIN,OU Xuan Yi,ZHANG Nan,DU Yue,LI Yin Hui,Jongkolphan KITITHARAKUL,Rawinda PRAJONGJAI,Della Destiara HARIS,Rizki Amelia PRADIPTA,LI Wen Mei,ZHENG Yu,Dechapol PUAVARANUKROH,Sapsiree TAERATTANACHAI,WANG Chi-Lin,CHENG Chi Ya,HOO Pang Ron,CHEAH Yee See,FENG Yan Zhe,LIN Fang Ling
47,2019,"
NOVEMBER ",https://bwfworldtour.bwfbadminton.com/tournament/3519/fuzhou-china-open-2019,Fuzhou China Open 2019,05 - 10 NOVEMBER,"PRIZE MONEY USD $700,000",https://extranet.bwf.sport/docs/tmt-category/WT_750.svg,Fuzhou,China,Kento MOMOTA,CHOU Tien Chen,Anders ANTONSEN,Rasmus GEMKE,CHEN Yu Fei,Nozomi OKUHARA,Michelle LI,TAI Tzu Ying,Marcus Fernaldi GIDEON,Kevin Sanjaya SUKAMULJO,Takeshi KAMURA,Keigo SONODA,Aaron CHIA,SOH Wooi Yik,Satwiksairaj RANKIREDDY,Chirag SHETTY,Yuki FUKUSHIMA,Sayaka HIROTA,LEE So Hee,SHIN Seung Chan,CHEN Qing Chen,JIA Yi Fan,Mayu MATSUMOTO,Wakana NAGAHARA,WANG Yi Lyu,HUANG Dong Ping,ZHENG Si Wei,HUANG Ya Qiong,Yuta WATANABE,Arisa HIGASHINO,GOH Soon Huat,LAI Shevon Jemie
48,2019,"
NOVEMBER ",https://bwfworldtour.bwfbadminton.com/tournament/3369/yonex-sunrise-hong-kong-open-2019,YONEX-SUNRISE Hong Kong Open 2019,12 - 17 NOVEMBER,"PRIZE MONEY USD $400,000",https://extranet.bwf.sport/docs/tmt-category/WT_300.svg,Hong Kong,Hong Kong China,LEE Cheuk Yiu,Anthony Sinisuka GINTING,Jonatan CHRISTIE,KIDAMBI Srikanth,CHEN Yu Fei,Ratchanok INTANON,Akane YAMAGUCHI,Beiwen ZHANG,CHOI Sol Gyu,SEO Seung Jae,Mohammad AHSAN,Hendra SETIAWAN,Hiroyuki ENDO,Yuta WATANABE,LI Jun Hui,LIU Yu Chen,CHEN Qing Chen,JIA Yi Fan,CHANG Ye Na,KIM Hyerin,BAEK Ha Na,JUNG Kyung Eun,Mayu MATSUMOTO,Wakana NAGAHARA,Yuta WATANABE,Arisa HIGASHINO,HE Ji Ting,DU Yue,GOH Soon Huat,LAI Shevon Jemie,Hafiz FAIZAL,Gloria Emanuelle WIDJAJA
49,2019,"
NOVEMBER ",https://bwfworldtour.bwfbadminton.com/tournament/3370/gwangju-korea-masters-2019,Gwangju Korea Masters 2019,19 - 24 NOVEMBER,"PRIZE MONEY USD $200,000",https://extranet.bwf.sport/docs/tmt-category/WT_300.svg,Gwangju Metropolitan City,Korea,Kanta TSUNEYAMA,LIN Dan,LU Guang Zu,ZHAO Jun Peng,AN Se Young,SUNG Jihyun,Saena KAWAKAMI,Akane YAMAGUCHI,LEE Yang,WANG Chi-Lin,GOH V Shem,TAN Wee Kiong,KIM Won Ho,PARK Kyung Hoon,CHOI Sol Gyu,SEO Seung Jae,Nami MATSUYAMA,Chiharu SHIDA,Misaki MATSUTOMO,Ayaka TAKAHASHI,HSU Ya Ching,HU Ling Fang,LEE So Hee,SHIN Seung Chan,TANG Chun Man,TSE Ying Suet,GOH Soon Huat,LAI Shevon Jemie,YANG Po-Hsuan,HU Ling Fang,LEE Jhe-Huei,HSU Ya Ching
50,2019,"
NOVEMBER ",https://bwfworldtour.bwfbadminton.com/tournament/3396/ecogreen-syed-modi-international-badminton-championships-2019,Ecogreen Syed Modi International Badminton Championships 2019,26 NOVEMBER - 01 DECEMBER,"PRIZE MONEY USD $150,000",https://extranet.bwf.sport/docs/tmt-category/WT_300.svg,Lucknow,India,WANG Tzu Wei,Sourabh VERMA,HEO Kwang Hee,SON Wan Ho,Carolina MARIN,LALINRAT CHAIWAN,Rituparna DAS,KIM Ga Eun,HE Ji Ting,TAN Qiang,CHOI Sol Gyu,SEO Seung Jae,HAN Cheng Kai,ZHOU Hao Dong,DI Zi Jian,WANG Chang,BAEK Ha Na,JUNG Kyung Eun,CHANG Ye Na,KIM Hyerin,Linda EFLER,Isabel LOHAU,NG Wing Yung,YEUNG Nga Ting,Rodion ALIMOV,Alina DAVLETOVA,Marcus ELLIS,Lauren SMITH,Mark LAMSFUSS,Isabel LOHAU,Thom GICQUEL,Delphine DELRUE
51,2020,JANUARY,https://bwfworldtour.bwfbadminton.com/tournament/3687/perodua-malaysia-masters-2020,PERODUA Malaysia Masters 2020,07 - 12 JANUARY,"PRIZE MONEY USD $400,000",https://extranet.bwf.sport/docs/tmt-category/WT_500.svg,Kuala Lumpur,Malaysia,Kento MOMOTA,Viktor AXELSEN,LEE Zii Jia,NG Ka Long Angus,CHEN Yu Fei,TAI Tzu Ying,HE Bing Jiao,Carolina MARIN,KIM Gi Jung,LEE Yong Dae,LI Jun Hui,LIU Yu Chen,Fajar ALFIAN,Muhammad Rian ARDIANTO,Mohammad AHSAN,Hendra SETIAWAN,LI Wen Mei,ZHENG Yu,DU Yue,LI Yin Hui,Greysia POLII,Apriyani RAHAYU,Nami MATSUYAMA,Chiharu SHIDA,ZHENG Si Wei,HUANG Ya Qiong,WANG Yi Lyu,HUANG Dong Ping,Hafiz FAIZAL,Gloria Emanuelle WIDJAJA,CHAN Peng Soon,GOH Liu Ying
52,2020,JANUARY,https://bwfworldtour.bwfbadminton.com/tournament/3752/daihatsu-indonesia-masters-2020,DAIHATSU Indonesia Masters 2020,14 - 19 JANUARY,"PRIZE MONEY USD $400,000",https://extranet.bwf.sport/docs/tmt-category/WT_500.svg,Jakarta,Indonesia,Anthony Sinisuka GINTING,Anders ANTONSEN,Viktor AXELSEN,LEE Cheuk Yiu,Ratchanok INTANON,Carolina MARIN,HE Bing Jiao,WANG Zhi Yi,Marcus Fernaldi GIDEON,Kevin Sanjaya SUKAMULJO,Mohammad AHSAN,Hendra SETIAWAN,Fajar ALFIAN,Muhammad Rian ARDIANTO,Aaron CHIA,SOH Wooi Yik,Greysia POLII,Apriyani RAHAYU,Maiken FRUERGAARD,Sara THYGESEN,KIM So Yeong,KONG Hee Yong,Misaki MATSUTOMO,Ayaka TAKAHASHI,ZHENG Si Wei,HUANG Ya Qiong,WANG Yi Lyu,HUANG Dong Ping,TAN Kian Meng,LAI Pei Jing,Thom GICQUEL,Delphine DELRUE
53,2020,JANUARY,https://bwfworldtour.bwfbadminton.com/tournament/3688/princess-sirivannavari-thailand-masters-2020,Princess Sirivannavari Thailand Masters 2020,21 - 26 JANUARY,"PRIZE MONEY USD $170,000",https://extranet.bwf.sport/docs/tmt-category/WT_300.svg,Bangkok,Thailand,NG Ka Long Angus,Kenta NISHIMOTO,SHI Yu Qi,Kunlavut VITIDSARN,Akane YAMAGUCHI,AN Se Young,Carolina MARIN,Aya OHORI,ONG Yew Sin,TEO Ee Yi,HUANG Kai Xiang,LIU Cheng,LEE Jhe-Huei,YANG Po-Hsuan,GOH V Shem,TAN Wee Kiong,CHEN Qing Chen,JIA Yi Fan,BAEK Ha Na,JUNG Kyung Eun,CHANG Ye Na,KIM Hyerin,KIM So Yeong,KONG Hee Yong,Marcus ELLIS,Lauren SMITH,Hafiz FAIZAL,Gloria Emanuelle WIDJAJA,TAN Kian Meng,LAI Pei Jing,GOH Soon Huat,LAI Shevon Jemie
54,2020,"
FEBRUARY ",https://bwfworldtour.bwfbadminton.com/tournament/3748/barcelona-spain-masters-2020,Barcelona Spain Masters 2020,18 - 23 FEBRUARY,"PRIZE MONEY USD $170,000",https://extranet.bwf.sport/docs/tmt-category/WT_300.svg,Barcelona,Spain,Viktor AXELSEN,Kunlavut VITIDSARN,Ajay JAYARAM,LIEW Daren,Pornpawee CHOCHUWONG,Carolina MARIN,Supanida KATETHONG,Busanan ONGBAMRUNGPHAN,Kim ASTRUP,Anders Skaarup RASMUSSEN,LEE Yang,WANG Chi-Lin,Aaron CHIA,SOH Wooi Yik,LU Ching Yao,YANG Po Han,Greysia POLII,Apriyani RAHAYU,Gabriela STOEVA,Stefani STOEVA,Jongkolphan KITITHARAKUL,Rawinda PRAJONGJAI,Chloe BIRCH,Lauren SMITH,KIM Sa Rang,KIM Ha Na,Thom GICQUEL,Delphine DELRUE,YANG Po-Hsuan,HU Ling Fang,Mathias BAY-SMIDT,Rikke SØBY
55,2020,"
MARCH ",https://bwfworldtour.bwfbadminton.com/tournament/3690/yonex-all-england-open-2020,YONEX All England Open 2020,11 - 15 MARCH,"PRIZE MONEY USD $1,100,000",https://extranet.bwf.sport/docs/tmt-category/WT_1000.svg,Birmingham,England,Viktor AXELSEN,CHOU Tien Chen,Anders ANTONSEN,LEE Zii Jia,TAI Tzu Ying,CHEN Yu Fei,Carolina MARIN,Nozomi OKUHARA,Hiroyuki ENDO,Yuta WATANABE,Marcus Fernaldi GIDEON,Kevin Sanjaya SUKAMULJO,Vladimir IVANOV,Ivan SOZONOV,LEE Yang,WANG Chi-Lin,Yuki FUKUSHIMA,Sayaka HIROTA,DU Yue,LI Yin Hui,LEE So Hee,SHIN Seung Chan,Misaki MATSUTOMO,Ayaka TAKAHASHI,Praveen JORDAN,Melati Daeva OKTAVIANTI,Dechapol PUAVARANUKROH,Sapsiree TAERATTANACHAI,SEO Seung Jae,CHAE Yu Jung,Marcus ELLIS,Lauren SMITH
56,2020,"
OCTOBER ",https://bwfworldtour.bwfbadminton.com/tournament/3801/danisa-denmark-open-i-2020,DANISA Denmark Open I 2020,13 - 18 OCTOBER,"PRIZE MONEY USD $750,000",https://extranet.bwf.sport/docs/tmt-category/WT_750.svg,Odense V,Denmark,Anders ANTONSEN,Rasmus GEMKE,CHOU Tien Chen,Kenta NISHIMOTO,Nozomi OKUHARA,Carolina MARIN,Michelle LI,Yvonne LI,Marcus ELLIS,Chris LANGRIDGE,Vladimir IVANOV,Ivan SOZONOV,Joel EIPE,Rasmus KJÆR,Ben LANE,Sean VENDY,Yuki FUKUSHIMA,Sayaka HIROTA,Mayu MATSUMOTO,Wakana NAGAHARA,Christine BUSCH,Amalie SCHULZ,Gabriela STOEVA,Stefani STOEVA,Mark LAMSFUSS,Isabel LOHAU,Chris ADCOCK,Gabrielle ADCOCK,Julien MAIO,Lea PALERMO,Marcus ELLIS,Lauren SMITH
57,2021,JANUARY,https://bwfworldtour.bwfbadminton.com/tournament/4108/yonex-thailand-open,YONEX Thailand Open,12 - 17 JANUARY,"PRIZE MONEY USD $1,000,000",https://extranet.bwf.sport/docs/tmt-category/WT_1000.svg,Bangkok,Thailand,Viktor AXELSEN,NG Ka Long Angus,CHOU Tien Chen,Anthony Sinisuka GINTING,Carolina MARIN,TAI Tzu Ying,AN Se Young,Mia BLICHFELDT,LEE Yang,WANG Chi-Lin,GOH V Shem,TAN Wee Kiong,Leo Rolly CARNANDO,Daniel MARTHIN,CHOI Sol Gyu,SEO Seung Jae,Greysia POLII,Apriyani RAHAYU,Jongkolphan KITITHARAKUL,Rawinda PRAJONGJAI,KIM So Yeong,KONG Hee Yong,LEE So Hee,SHIN Seung Chan,Dechapol PUAVARANUKROH,Sapsiree TAERATTANACHAI,Praveen JORDAN,Melati Daeva OKTAVIANTI,SEO Seung Jae,CHAE Yu Jung,Thom GICQUEL,Delphine DELRUE
58,2021,JANUARY,https://bwfworldtour.bwfbadminton.com/tournament/4109/toyota-thailand-open,TOYOTA Thailand Open,19 - 24 JANUARY,"PRIZE MONEY USD $1,000,000",https://extranet.bwf.sport/docs/tmt-category/WT_1000.svg,Bangkok,Thailand,Viktor AXELSEN,Hans-Kristian Solberg VITTINGHUS,Anders ANTONSEN,CHOU Tien Chen,Carolina MARIN,TAI Tzu Ying,AN Se Young,Ratchanok INTANON,LEE Yang,WANG Chi-Lin,Aaron CHIA,SOH Wooi Yik,Satwiksairaj RANKIREDDY,Chirag SHETTY,Mohammad AHSAN,Hendra SETIAWAN,KIM So Yeong,KONG Hee Yong,LEE So Hee,SHIN Seung Chan,CHOW Mei Kuan,LEE Meng Yean,Greysia POLII,Apriyani RAHAYU,Dechapol PUAVARANUKROH,Sapsiree TAERATTANACHAI,SEO Seung Jae,CHAE Yu Jung,Satwiksairaj RANKIREDDY,Ashwini PONNAPPA,HOO Pang Ron,CHEAH Yee See
59,2021,JANUARY,https://bwfworldtourfinals.bwfbadminton.com,HSBC BWF World Tour Finals 2020 (New Dates),27 - 31 JANUARY,"PRIZE MONEY USD $1,500,000",https://extranet.bwf.sport/docs/flags/thailand.png,Bangkok,Thailand,Viktor AXELSEN,Anthony Sinisuka GINTING,Jonatan CHRISTIE,Kodai NARAOKA,Akane YAMAGUCHI,TAI Tzu Ying,CHEN Yu Fei,HE Bing Jiao,LIU Yu Chen,OU Xuan Yi,Mohammad AHSAN,Hendra SETIAWAN,Fajar ALFIAN,Muhammad Rian ARDIANTO,ONG Yew Sin,TEO Ee Yi,CHEN Qing Chen,JIA Yi Fan,Benyapa AIMSAARD,Nuntakarn AIMSAARD,JEONG Na Eun,KIM Hye Jeong,ZHANG Shu Xian,ZHENG Yu,ZHENG Si Wei,HUANG Ya Qiong,Dechapol PUAVARANUKROH,Sapsiree TAERATTANACHAI,Rinov RIVALDY,Pitha Haningtyas MENTARI,TAN Kian Meng,LAI Pei Jing
60,2021,"
MARCH ",https://bwfworldtour.bwfbadminton.com/tournament/3964/yonex-swiss-open-2021-new-dates,YONEX Swiss Open 2021 (New Dates),02 - 07 MARCH,"PRIZE MONEY USD $140,000",https://extranet.bwf.sport/docs/tmt-category/WT_300.svg,Basel,Switzerland,Viktor AXELSEN,Kunlavut VITIDSARN,KIDAMBI Srikanth,LEE Zii Jia,Carolina MARIN,PUSARLA V. Sindhu,Mia BLICHFELDT,Pornpawee CHOCHUWONG,Kim ASTRUP,Anders Skaarup RASMUSSEN,Mark LAMSFUSS,Marvin SEIDEL,Aaron CHIA,SOH Wooi Yik,Satwiksairaj RANKIREDDY,Chirag SHETTY,TAN Pearly,THINAAH Muralitharan,Gabriela STOEVA,Stefani STOEVA,CHOW Mei Kuan,LEE Meng Yean,Jongkolphan KITITHARAKUL,Rawinda PRAJONGJAI,Thom GICQUEL,Delphine DELRUE,Mathias CHRISTIANSEN,Alexandra BØJE,TAN Kian Meng,LAI Pei Jing,Marcus ELLIS,Lauren SMITH
61,2021,"
MARCH ",https://bwfworldtour.bwfbadminton.com/tournament/3982/yonex-all-england-open-badminton-championships-2021,YONEX All England Open Badminton Championships 2021,17 - 21 MARCH,"PRIZE MONEY USD $850,000",https://extranet.bwf.sport/docs/tmt-category/WT_1000.svg,Birmingham,England,LEE Zii Jia,Viktor AXELSEN,Anders ANTONSEN,Mark CALJOUW,Nozomi OKUHARA,Pornpawee CHOCHUWONG,Ratchanok INTANON,PUSARLA V. Sindhu,Hiroyuki ENDO,Yuta WATANABE,Takeshi KAMURA,Keigo SONODA,Kim ASTRUP,Anders Skaarup RASMUSSEN,Jeppe BAY,Lasse MØLHEDE,Mayu MATSUMOTO,Wakana NAGAHARA,Yuki FUKUSHIMA,Sayaka HIROTA,Selena PIEK,Cheryl SEINEN,Nami MATSUYAMA,Chiharu SHIDA,Yuta WATANABE,Arisa HIGASHINO,Yuki KANEKO,Misaki MATSUTOMO,Marcus ELLIS,Lauren SMITH,CHAN Peng Soon,GOH Liu Ying
62,2021,"
MAY ",https://bwfworldtour.bwfbadminton.com/tournament/4038/spain-masters-2021-new-dates,Spain Masters 2021 (New Dates),18 - 23 MAY,"PRIZE MONEY USD $140,000",https://extranet.bwf.sport/docs/tmt-category/WT_300.svg,Huelva,Spain,Toma Junior POPOV,Chico  Aura DWI WARDOYO,LEE Dong Keun,Shesar Hiren RHUSTAVITO,Putri Kusuma WARDANI,Line CHRISTOPHERSEN,LéOnice HUET,Jenjira STADELMANN,Pramudya KUSUMAWARDANA,Yeremia Erich Yoche Yacob RAMBITAN,Sabar Karyaman GUTAMA,Moh Reza Pahlevi ISFAHANI,Adam HALL,Frederik SØGAARD,Christo POPOV,Toma Junior POPOV,Yulfira BARKAH,Febby Valencia Dwijayanti GANI,Amalie MAGELUND,Freja RAVN,Julie MACPHERSON,Ciara TORRANCE,Alyssa TIRTOSENTONO,Imke VAN DER AAR,Rinov RIVALDY,Pitha Haningtyas MENTARI,Niclas NOHR,Amalie MAGELUND,Ruben JILLE,Imke VAN DER AAR,Adam HALL,Julie MACPHERSON
63,2021,"
OCTOBER ",https://bwfworldtour.bwfbadminton.com/tournament/3971/victor-denmark-open-2021,VICTOR Denmark Open 2021,19 - 24 OCTOBER,"PRIZE MONEY USD $850,000",https://extranet.bwf.sport/docs/tmt-category/WT_1000.svg,Odense V,Denmark,Viktor AXELSEN,Kento MOMOTA,LEE Cheuk Yiu,Tommy SUGIARTO,Akane YAMAGUCHI,AN Se Young,Kirsty GILMOUR,HE Bing Jiao,Takuro HOKI,Yugo KOBAYASHI,Kim ASTRUP,Anders Skaarup RASMUSSEN,GOH Sze Fei,Nur IZZUDDIN,Mark LAMSFUSS,Marvin SEIDEL,HUANG Dong Ping,ZHENG Yu,LEE So Hee,SHIN Seung Chan,KIM So Yeong,KONG Hee Yong,Jongkolphan KITITHARAKUL,Rawinda PRAJONGJAI,Yuta WATANABE,Arisa HIGASHINO,Dechapol PUAVARANUKROH,Sapsiree TAERATTANACHAI,Praveen JORDAN,Melati Daeva OKTAVIANTI,WANG Yi Lyu,HUANG Dong Ping
64,2021,"
OCTOBER ",https://bwfworldtour.bwfbadminton.com/tournament/3972/yonex-french-open-2021,YONEX French Open 2021,26 - 31 OCTOBER,"PRIZE MONEY USD $600,000",https://extranet.bwf.sport/docs/tmt-category/WT_750.svg,Paris,France,Kanta TSUNEYAMA,CHOU Tien Chen,HEO Kwang Hee,Kento MOMOTA,Akane YAMAGUCHI,Sayaka TAKAHASHI,AN Se Young,PUSARLA V. Sindhu,KO Sung Hyun,SHIN Baek Cheol,Marcus Fernaldi GIDEON,Kevin Sanjaya SUKAMULJO,Fajar ALFIAN,Muhammad Rian ARDIANTO,Aaron CHIA,SOH Wooi Yik,LEE So Hee,SHIN Seung Chan,KIM So Yeong,KONG Hee Yong,Yuki FUKUSHIMA,Arisa HIGASHINO,Nami MATSUYAMA,Chiharu SHIDA,Yuta WATANABE,Arisa HIGASHINO,Mathias CHRISTIANSEN,Alexandra BØJE,Dechapol PUAVARANUKROH,Sapsiree TAERATTANACHAI,TANG Chun Man,TSE Ying Suet
65,2021,"
NOVEMBER ",https://bwfworldtour.bwfbadminton.com/tournament/3979/hylo-open-2021-formerly-saarlorlux-open,HYLO Open 2021 (formerly SaarLorLux Open),02 - 07 NOVEMBER,"PRIZE MONEY USD $320,000",https://extranet.bwf.sport/docs/tmt-category/WT_500.svg,Saarbrücken,Germany,LOH Kean Yew,LEE Zii Jia,KIDAMBI Srikanth,Lakshya SEN,Busanan ONGBAMRUNGPHAN,YEO Jia Min,LALINRAT CHAIWAN,Michelle LI,Marcus Fernaldi GIDEON,Kevin Sanjaya SUKAMULJO,Leo Rolly CARNANDO,Daniel MARTHIN,Supak JOMKOH,Kittinupong KEDREN,Pramudya KUSUMAWARDANA,Yeremia Erich Yoche Yacob RAMBITAN,Chisato HOSHI,Aoi MATSUDA,Rin IWANAGA,Kie NAKANISHI,Jongkolphan KITITHARAKUL,Rawinda PRAJONGJAI,Siti Fadia Silva RAMADHANTI,Ribka SUGIARTO,Dechapol PUAVARANUKROH,Sapsiree TAERATTANACHAI,Praveen JORDAN,Melati Daeva OKTAVIANTI,Supak JOMKOH,Supissara PAEWSAMPRAN,Rinov RIVALDY,Pitha Haningtyas MENTARI
66,2021,"
NOVEMBER ",https://bwfworldtour.bwfbadminton.com/tournament/4036/daihatsu-indonesia-masters-2021-new-dates,DAIHATSU Indonesia Masters 2021(New dates),16 - 21 NOVEMBER,"PRIZE MONEY USD $600,000",https://extranet.bwf.sport/docs/tmt-category/WT_750.svg,Bali,Indonesia,Kento MOMOTA,Anders ANTONSEN,CHOU Tien Chen,KIDAMBI Srikanth,AN Se Young,Akane YAMAGUCHI,LALINRAT CHAIWAN,PUSARLA V. Sindhu,Takuro HOKI,Yugo KOBAYASHI,Marcus Fernaldi GIDEON,Kevin Sanjaya SUKAMULJO,Aaron CHIA,SOH Wooi Yik,ONG Yew Sin,TEO Ee Yi,Nami MATSUYAMA,Chiharu SHIDA,JEONG Na Eun,KIM Hye Jeong,KIM So Yeong,KONG Hee Yong,Puttita SUPAJIRAKUL,Sapsiree TAERATTANACHAI,Dechapol PUAVARANUKROH,Sapsiree TAERATTANACHAI,TANG Chun Man,TSE Ying Suet,KO Sung Hyun,EOM Hye Won,Yuta WATANABE,Arisa HIGASHINO
67,2021,"
NOVEMBER ",https://bwfworldtour.bwfbadminton.com/tournament/4039/siminvest-indonesia-open-2021-new-dates,SimInvest Indonesia Open 2021(New dates),23 - 28 NOVEMBER,"PRIZE MONEY USD $850,000",https://extranet.bwf.sport/docs/tmt-category/WT_1000.svg,Bali,Indonesia,Viktor AXELSEN,LOH Kean Yew,Jonatan CHRISTIE,Rasmus GEMKE,AN Se Young,Ratchanok INTANON,Pornpawee CHOCHUWONG,PUSARLA V. Sindhu,Marcus Fernaldi GIDEON,Kevin Sanjaya SUKAMULJO,Takuro HOKI,Yugo KOBAYASHI,Akira KOGA,Taichi SAITO,Satwiksairaj RANKIREDDY,Chirag SHETTY,Nami MATSUYAMA,Chiharu SHIDA,Greysia POLII,Apriyani RAHAYU,BAEK Ha Na,LEE Yu Lim,Jongkolphan KITITHARAKUL,Rawinda PRAJONGJAI,Dechapol PUAVARANUKROH,Sapsiree TAERATTANACHAI,Yuta WATANABE,Arisa HIGASHINO,Mathias CHRISTIANSEN,Alexandra BØJE,KO Sung Hyun,EOM Hye Won
68,2022,JANUARY,https://bwfworldtour.bwfbadminton.com/tournament/4426/yonex-sunrise-india-open-2022,YONEX-SUNRISE India Open 2022,11 - 16 JANUARY,"PRIZE MONEY USD $400,000",https://extranet.bwf.sport/docs/tmt-category/WT_500.svg,New Delhi,India,Lakshya SEN,LOH Kean Yew,NG Tze Yong,Brian YANG,Busanan ONGBAMRUNGPHAN,Supanida KATETHONG,AAKARSHI KASHYAP,PUSARLA V. Sindhu,Satwiksairaj RANKIREDDY,Chirag SHETTY,Mohammad AHSAN,Hendra SETIAWAN,Fabien DELRUE,William VILLEGER,ONG Yew Sin,TEO Ee Yi,Benyapa AIMSAARD,Nuntakarn AIMSAARD,Anastasiia AKCHURINA,Olga MOROZOVA,Ekaterina MALKOVA,Anastasiia SHAPOVALOVA,Haritha MANAZHIYIL H,Ashna ROY,HEE Yong Kai Terry,TAN Wei Han Jessica,CHEN Tang Jie,PECK Yen Wei,Rodion ALIMOV,Alina DAVLETOVA,TAN Kian Meng,LAI Pei Jing
69,2022,JANUARY,https://bwfworldtour.bwfbadminton.com/tournament/4427/syed-modi-india-international-2022,Syed Modi India International 2022,18 - 23 JANUARY,"PRIZE MONEY USD $150,000",https://extranet.bwf.sport/docs/tmt-category/WT_300.svg,Lucknow,India,Lucas CLAERBOUT,Arnaud MERKLE,Mithun MANJUNATH,Nhat NGUYEN,PUSARLA V. Sindhu,Malvika BANSOD,Evgeniya KOSETSKAYA,Anupama UPADHYAYA,MAN Wei Chong,Kai Wun TEE,Krishna Prasad GARAGA,Vishnuvardhan Goud PANJALA,M.R. ARJUN,DHRUV KAPILA,Prem Singh CHOUHAN,Rajesh VERMA,Anna Ching Yik CHEONG,TEOH Mei Xing,Treesa JOLLY,GAYATRI GOPICHAND PULLELA,LOW Yeen Yuan,Valeree SIOW,Haritha MANAZHIYIL H,Ashna ROY,Ishaan BHATNAGAR,Tanisha CRASTO,THANDRANGI Hema Nagendra Babu,Srivedya GURAZADA,M.R. ARJUN,Treesa JOLLY,Akshan SHETTY,Simran SINGHI
70,2022,"
MARCH ",https://bwfworldtour.bwfbadminton.com/tournament/4430/yonex-gainward-german-open-2022,YONEX GAINWARD German Open 2022,08 - 13 MARCH,"PRIZE MONEY USD $180,000",https://extranet.bwf.sport/docs/tmt-category/WT_300.svg,Muelheim an der Ruhr,Germany,Kunlavut VITIDSARN,Lakshya SEN,Viktor AXELSEN,LEE Zii Jia,HE Bing Jiao,CHEN Yu Fei,AN Se Young,ZHANG Yi Man,GOH Sze Fei,Nur IZZUDDIN,LIU Yu Chen,OU Xuan Yi,Kim ASTRUP,Anders Skaarup RASMUSSEN,HE Ji Ting,ZHOU Hao Dong,CHEN Qing Chen,JIA Yi Fan,Gabriela STOEVA,Stefani STOEVA,Jongkolphan KITITHARAKUL,Rawinda PRAJONGJAI,ZHANG Shu Xian,ZHENG Yu,Dechapol PUAVARANUKROH,Sapsiree TAERATTANACHAI,OU Xuan Yi,HUANG Ya Qiong,Marcus ELLIS,Lauren SMITH,Adam HALL,Julie MACPHERSON
71,2022,"
MARCH ",https://bwfworldtour.bwfbadminton.com/tournament/4431/yonex-all-england-open-badminton-championships-2022,YONEX All England Open Badminton Championships 2022,16 - 20 MARCH,"PRIZE MONEY USD $1,000,000",https://extranet.bwf.sport/docs/tmt-category/WT_1000.svg,Birmingham,England,Viktor AXELSEN,Lakshya SEN,CHOU Tien Chen,LEE Zii Jia,Akane YAMAGUCHI,AN Se Young,CHEN Yu Fei,TAI Tzu Ying,Muhammad Shohibul FIKRI,Bagas MAULANA,Mohammad AHSAN,Hendra SETIAWAN,Marcus Fernaldi GIDEON,Kevin Sanjaya SUKAMULJO,HE Ji Ting,TAN Qiang,Nami MATSUYAMA,Chiharu SHIDA,ZHANG Shu Xian,ZHENG Yu,Treesa JOLLY,GAYATRI GOPICHAND PULLELA,JEONG Na Eun,KIM Hye Jeong,Yuta WATANABE,Arisa HIGASHINO,WANG Yi Lyu,HUANG Dong Ping,Dechapol PUAVARANUKROH,Sapsiree TAERATTANACHAI,ZHENG Si Wei,HUANG Ya Qiong
72,2022,"
MARCH ",https://bwfworldtour.bwfbadminton.com/tournament/4432/yonex-swiss-open-2022,YONEX Swiss Open 2022,22 - 27 MARCH,"PRIZE MONEY USD $180,000",https://extranet.bwf.sport/docs/tmt-category/WT_300.svg,Basel,Switzerland,Jonatan CHRISTIE,PRANNOY H. S.,Anthony Sinisuka GINTING,KIDAMBI Srikanth,PUSARLA V. Sindhu,Busanan ONGBAMRUNGPHAN,Kirsty GILMOUR,Supanida KATETHONG,Fajar ALFIAN,Muhammad Rian ARDIANTO,GOH Sze Fei,Nur IZZUDDIN,Aaron CHIA,SOH Wooi Yik,Pramudya KUSUMAWARDANA,Yeremia Erich Yoche Yacob RAMBITAN,Gabriela STOEVA,Stefani STOEVA,Linda EFLER,Isabel LOHAU,Jongkolphan KITITHARAKUL,Rawinda PRAJONGJAI,Vivian HOO,LIM Chiew Sien,Mark LAMSFUSS,Isabel LOHAU,GOH Soon Huat,LAI Shevon Jemie,Rehan Naufal KUSHARJANTO,Lisa Ayu KUSUMAWATI,TAN Kian Meng,LAI Pei Jing
73,2022,"
APRIL ",https://bwfworldtour.bwfbadminton.com/tournament/4434/korea-open-badminton-championships-2022,Korea Open Badminton Championships 2022,05 - 10 APRIL,"PRIZE MONEY USD $360,000",https://extranet.bwf.sport/docs/tmt-category/WT_500.svg,Suncheon,Korea,WENG Hong Yang,Jonatan CHRISTIE,KIDAMBI Srikanth,Victor SVENDSEN,AN Se Young,Pornpawee CHOCHUWONG,KIM Ga Eun,PUSARLA V. Sindhu,KANG Min Hyuk,SEO Seung Jae,Fajar ALFIAN,Muhammad Rian ARDIANTO,Muhammad Shohibul FIKRI,Bagas MAULANA,Mohammad AHSAN,Hendra SETIAWAN,JEONG Na Eun,KIM Hye Jeong,Benyapa AIMSAARD,Nuntakarn AIMSAARD,CHANG Ye Na,JUNG Kyung Eun,EOM Hye Won,KIM Bo Ryeong,TAN Kian Meng,LAI Pei Jing,KO Sung Hyun,EOM Hye Won,KIM Won Ho,JEONG Na Eun,Rinov RIVALDY,Pitha Haningtyas MENTARI
74,2022,"
APRIL ",https://bwfworldtour.bwfbadminton.com/tournament/4435/2022-gwangju-yonex-korea-masters,2022 Gwangju YONEX Korea Masters,12 - 17 APRIL,"PRIZE MONEY USD $180,000",https://extranet.bwf.sport/docs/tmt-category/WT_300.svg,Gwangju,Korea,JEON Hyeok Jin,Kodai NARAOKA,SOONG Joo Ven,Sitthikom THAMMASIN,HE Bing Jiao,CHEN Yu Fei,AN Se Young,WANG Zhi Yi,KIM Gi Jung,KIM Sa Rang,LIU Yu Chen,OU Xuan Yi,CHOI Sol Gyu,KIM Won Ho,Hiroki OKAMURA,Masayuki ONODERA,KIM So Yeong,KONG Hee Yong,BAEK Ha Na,LEE Yu Lim,DU Yue,LI Wen Mei,EOM Hye Won,KIM Bo Ryeong,WANG Yi Lyu,HUANG Dong Ping,OU Xuan Yi,HUANG Ya Qiong,GOH Soon Huat,LAI Shevon Jemie,JIN Yong,LEE Yu Lim
75,2022,"
MAY ",https://bwfworldtour.bwfbadminton.com/tournament/4436/gr-toyota-gazoo-racing-thailand-open-2022,GR TOYOTA GAZOO RACING Thailand Open 2022,17 - 22 MAY,"PRIZE MONEY USD $360,000",https://extranet.bwf.sport/docs/tmt-category/WT_500.svg,Bangkok,Thailand,LEE Zii Jia,LI Shi Feng,LIEW Daren,Kodai NARAOKA,TAI Tzu Ying,CHEN Yu Fei,Ratchanok INTANON,PUSARLA V. Sindhu,Takuro HOKI,Yugo KOBAYASHI,Fajar ALFIAN,Muhammad Rian ARDIANTO,Kim ASTRUP,Anders Skaarup RASMUSSEN,Aaron CHIA,SOH Wooi Yik,Nami MATSUYAMA,Chiharu SHIDA,Mayu MATSUMOTO,Wakana NAGAHARA,TAN Pearly,THINAAH Muralitharan,ZHANG Shu Xian,ZHENG Yu,ZHENG Si Wei,HUANG Ya Qiong,Dechapol PUAVARANUKROH,Sapsiree TAERATTANACHAI,WANG Yi Lyu,HUANG Dong Ping,Yuta WATANABE,Arisa HIGASHINO
76,2022,"
JUNE ",https://bwfworldtour.bwfbadminton.com/tournament/4437/daihatsu-indonesia-masters-2022,DAIHATSU Indonesia Masters 2022,07 - 12 JUNE,"PRIZE MONEY USD $360,000",https://extranet.bwf.sport/docs/tmt-category/WT_500.svg,Jakarta,Indonesia,Viktor AXELSEN,CHOU Tien Chen,Anthony Sinisuka GINTING,LOH Kean Yew,CHEN Yu Fei,Ratchanok INTANON,HAN Yue,HE Bing Jiao,Fajar ALFIAN,Muhammad Rian ARDIANTO,LIANG Wei Keng,WANG Chang,HE Ji Ting,ZHOU Hao Dong,Marcus Fernaldi GIDEON,Kevin Sanjaya SUKAMULJO,CHEN Qing Chen,JIA Yi Fan,Apriyani RAHAYU,Siti Fadia Silva RAMADHANTI,JEONG Na Eun,KIM Hye Jeong,TAN Pearly,THINAAH Muralitharan,ZHENG Si Wei,HUANG Ya Qiong,Thom GICQUEL,Delphine DELRUE,Supak JOMKOH,Supissara PAEWSAMPRAN,SEO Seung Jae,CHAE Yu Jung
77,2022,"
JUNE ",https://bwfworldtour.bwfbadminton.com/tournament/4438/east-ventures-indonesia-open-2022,EAST VENTURES Indonesia Open 2022,14 - 19 JUNE,"PRIZE MONEY USD $1,200,000",https://extranet.bwf.sport/docs/tmt-category/WT_1000.svg,Jakarta,Indonesia,Viktor AXELSEN,ZHAO Jun Peng,LEE Zii Jia,PRANNOY H. S.,TAI Tzu Ying,WANG Zhi Yi,CHEN Yu Fei,HE Bing Jiao,LIU Yu Chen,OU Xuan Yi,CHOI Sol Gyu,KIM Won Ho,Kim ASTRUP,Anders Skaarup RASMUSSEN,Aaron CHIA,SOH Wooi Yik,Nami MATSUYAMA,Chiharu SHIDA,Yuki FUKUSHIMA,Sayaka HIROTA,Jongkolphan KITITHARAKUL,Rawinda PRAJONGJAI,LEE So Hee,SHIN Seung Chan,ZHENG Si Wei,HUANG Ya Qiong,Yuta WATANABE,Arisa HIGASHINO,SEO Seung Jae,CHAE Yu Jung,WANG Yi Lyu,HUANG Dong Ping
78,2022,"
JUNE ",https://bwfworldtour.bwfbadminton.com/tournament/4439/petronas-malaysia-open-2022,PETRONAS Malaysia Open 2022,28 JUNE - 03 JULY,"PRIZE MONEY USD $675,000",https://extranet.bwf.sport/docs/tmt-category/WT_750.svg,Kuala Lumpur,Malaysia,Viktor AXELSEN,Kento MOMOTA,Jonatan CHRISTIE,Kunlavut VITIDSARN,Ratchanok INTANON,CHEN Yu Fei,TAI Tzu Ying,WANG Zhi Yi,Takuro HOKI,Yugo KOBAYASHI,Fajar ALFIAN,Muhammad Rian ARDIANTO,Aaron CHIA,SOH Wooi Yik,GOH Sze Fei,Nur IZZUDDIN,Apriyani RAHAYU,Siti Fadia Silva RAMADHANTI,ZHANG Shu Xian,ZHENG Yu,JEONG Na Eun,KIM Hye Jeong,Mayu MATSUMOTO,Wakana NAGAHARA,ZHENG Si Wei,HUANG Ya Qiong,Dechapol PUAVARANUKROH,Sapsiree TAERATTANACHAI,Mathias CHRISTIANSEN,Alexandra BØJE,WANG Yi Lyu,HUANG Dong Ping
79,2022,"
JULY ",https://bwfworldtour.bwfbadminton.com/tournament/4440/perodua-malaysia-masters-2022,PERODUA Malaysia Masters 2022,05 - 10 JULY,"PRIZE MONEY USD $360,000",https://extranet.bwf.sport/docs/tmt-category/WT_500.svg,Kuala Lumpur,Malaysia,Chico  Aura DWI WARDOYO,NG Ka Long Angus,LU Guang Zu,PRANNOY H. S.,AN Se Young,CHEN Yu Fei,TAI Tzu Ying,Gregoria Mariska TUNJUNG,Fajar ALFIAN,Muhammad Rian ARDIANTO,Mohammad AHSAN,Hendra SETIAWAN,Aaron CHIA,SOH Wooi Yik,LIANG Wei Keng,WANG Chang,CHEN Qing Chen,JIA Yi Fan,Nami MATSUYAMA,Chiharu SHIDA,JEONG Na Eun,KIM Hye Jeong,TAN Pearly,THINAAH Muralitharan,ZHENG Si Wei,HUANG Ya Qiong,Rinov RIVALDY,Pitha Haningtyas MENTARI,Supak JOMKOH,Supissara PAEWSAMPRAN,YANG Po-Hsuan,HU Ling Fang
80,2022,"
JULY ",https://bwfworldtour.bwfbadminton.com/tournament/4441/singapore-open-2022,Singapore Open 2022,12 - 17 JULY,"PRIZE MONEY USD $370,000",https://extranet.bwf.sport/docs/tmt-category/WT_500.svg,Singapore,Singapore,Anthony Sinisuka GINTING,Kodai NARAOKA,LOH Kean Yew,ZHAO Jun Peng,PUSARLA V. Sindhu,WANG Zhi Yi,Saena KAWAKAMI,Aya OHORI,Leo Rolly CARNANDO,Daniel MARTHIN,Fajar ALFIAN,Muhammad Rian ARDIANTO,Sabar Karyaman GUTAMA,Moh Reza Pahlevi ISFAHANI,Mohammad AHSAN,Hendra SETIAWAN,Apriyani RAHAYU,Siti Fadia Silva RAMADHANTI,ZHANG Shu Xian,ZHENG Yu,DU Yue,LI Wen Mei,Supissara PAEWSAMPRAN,Puttita SUPAJIRAKUL,Dechapol PUAVARANUKROH,Sapsiree TAERATTANACHAI,WANG Yi Lyu,HUANG Dong Ping,GOH Soon Huat,LAI Shevon Jemie,GUO Xin Wa,ZHANG Shu Xian
81,2022,"
JULY ",https://bwfworldtour.bwfbadminton.com/tournament/4442/yonex-taipei-open-2022,YONEX Taipei Open 2022,19 - 24 JULY,"PRIZE MONEY USD $500,000",https://extranet.bwf.sport/docs/tmt-category/WT_300.svg,Taipei,Chinese Taipei,CHOU Tien Chen,Kodai NARAOKA,LIN Chun-Yi,SOONG Joo Ven,TAI Tzu Ying,Saena KAWAKAMI,Wen Chi HSU,Natsuki NIDAIRA,MAN Wei Chong,Kai Wun TEE,LEE Yang,WANG Chi-Lin,SU Ching Heng,YE Hong Wei,BOON Xin Yuan,WONG Tien Ci,NG Tsz Yau,TSANG Hiu Yan,Rui HIROKAMI,Yuna KATO,Sayaka HOBARA,Hinata SUZUKI,SUNG Shuo Yun,YU Chien Hui,LEE Chun Hei Reginald,NG Tsz Yau,Ruttanapak OUPTHONG,Chasinee KOREPAP,CHANG Ko-Chi,LEE Chih Chen,HOO Pang Ron,TOH Ee Wei
82,2022,"
AUGUST ",https://bwfworldtour.bwfbadminton.com/tournament/4444/daihatsu-yonex-japan-open-2022,DAIHATSU YONEX Japan Open 2022,30 AUGUST - 04 SEPTEMBER,"PRIZE MONEY USD $750,000",https://extranet.bwf.sport/docs/tmt-category/WT_750.svg,Osaka,Japan,Kenta NISHIMOTO,CHOU Tien Chen,Anders ANTONSEN,SHI Yu Qi,Akane YAMAGUCHI,AN Se Young,CHEN Yu Fei,TAI Tzu Ying,LIANG Wei Keng,WANG Chang,Kim ASTRUP,Anders Skaarup RASMUSSEN,CHOI Sol Gyu,KIM Won Ho,KIM Gi Jung,KIM Sa Rang,JEONG Na Eun,KIM Hye Jeong,BAEK Ha Na,LEE Yu Lim,CHEN Qing Chen,JIA Yi Fan,KIM So Yeong,KONG Hee Yong,Dechapol PUAVARANUKROH,Sapsiree TAERATTANACHAI,Yuta WATANABE,Arisa HIGASHINO,WANG Yi Lyu,HUANG Dong Ping,ZHENG Si Wei,HUANG Ya Qiong
83,2022,"
OCTOBER ",https://bwfworldtour.bwfbadminton.com/tournament/4475/denmark-open-2022-presented-by-victor,Denmark Open 2022 presented by VICTOR,18 - 23 OCTOBER,"PRIZE MONEY USD $750,000",https://extranet.bwf.sport/docs/tmt-category/WT_750.svg,Odense,Denmark,SHI Yu Qi,LEE Zii Jia,LOH Kean Yew,Kodai NARAOKA,HE Bing Jiao,CHEN Yu Fei,HAN Yue,Ratchanok INTANON,Fajar ALFIAN,Muhammad Rian ARDIANTO,Marcus Fernaldi GIDEON,Kevin Sanjaya SUKAMULJO,Aaron CHIA,SOH Wooi Yik,ONG Yew Sin,TEO Ee Yi,CHEN Qing Chen,JIA Yi Fan,BAEK Ha Na,LEE So Hee,Jongkolphan KITITHARAKUL,Rawinda PRAJONGJAI,Nami MATSUYAMA,Chiharu SHIDA,ZHENG Si Wei,HUANG Ya Qiong,FENG Yan Zhe,HUANG Dong Ping,GOH Soon Huat,LAI Shevon Jemie,Supak JOMKOH,Supissara PAEWSAMPRAN
84,2022,"
OCTOBER ",https://bwfworldtour.bwfbadminton.com/tournament/4446/yonex-french-open-2022,YONEX French Open 2022,25 - 30 OCTOBER,"PRIZE MONEY USD $675,000",https://extranet.bwf.sport/docs/tmt-category/WT_750.svg,Paris,France,Viktor AXELSEN,Rasmus GEMKE,LEE Cheuk Yiu,Kodai NARAOKA,HE Bing Jiao,Carolina MARIN,TAI Tzu Ying,Akane YAMAGUCHI,Satwiksairaj RANKIREDDY,Chirag SHETTY,LU Ching Yao,YANG Po Han,CHOI Sol Gyu,KIM Won Ho,Ben LANE,Sean VENDY,TAN Pearly,THINAAH Muralitharan,Mayu MATSUMOTO,Wakana NAGAHARA,Yuki FUKUSHIMA,Sayaka HIROTA,BAEK Ha Na,LEE So Hee,ZHENG Si Wei,HUANG Ya Qiong,Robin TABELING,Selena PIEK,Rehan Naufal KUSHARJANTO,Lisa Ayu KUSUMAWATI,Mark LAMSFUSS,Isabel LOHAU
85,2022,"
NOVEMBER ",https://bwfworldtour.bwfbadminton.com/tournament/4481/hylo-open-2022,HYLO Open 2022,01 - 06 NOVEMBER,"PRIZE MONEY USD $180,000",https://extranet.bwf.sport/docs/tmt-category/WT_300.svg,Saarbrücken,Germany,Anthony Sinisuka GINTING,CHOU Tien Chen,KIDAMBI Srikanth,Toma Junior POPOV,HAN Yue,ZHANG Yi Man,Nozomi OKUHARA,Gregoria Mariska TUNJUNG,LU Ching Yao,YANG Po Han,LEE Jhe-Huei,YANG Po-Hsuan,Kim ASTRUP,Anders Skaarup RASMUSSEN,Ben LANE,Sean VENDY,Benyapa AIMSAARD,Nuntakarn AIMSAARD,Jongkolphan KITITHARAKUL,Rawinda PRAJONGJAI,Treesa JOLLY,GAYATRI GOPICHAND PULLELA,ZHANG Shu Xian,ZHENG Yu,Rehan Naufal KUSHARJANTO,Lisa Ayu KUSUMAWATI,FENG Yan Zhe,HUANG Dong Ping,Thom GICQUEL,Delphine DELRUE,Mathias THYRRI,Amalie MAGELUND
86,2022,"
NOVEMBER ",https://bwfworldtour.bwfbadminton.com/tournament/4449/sathio-group-australian-open-2022,SATHIO GROUP Australian Open 2022,15 - 20 NOVEMBER,"PRIZE MONEY USD $180,000",https://extranet.bwf.sport/docs/tmt-category/WT_300.svg,Sydney,Australia,SHI Yu Qi,LU Guang Zu,Kodai NARAOKA,NG Tze Yong,AN Se Young,Gregoria Mariska TUNJUNG,Pornpawee CHOCHUWONG,HAN Yue,LIU Yu Chen,OU Xuan Yi,ONG Yew Sin,TEO Ee Yi,HE Ji Ting,ZHOU Hao Dong,LEE Jhe-Huei,YANG Po-Hsuan,ZHANG Shu Xian,ZHENG Yu,Benyapa AIMSAARD,Nuntakarn AIMSAARD,JEONG Na Eun,KIM Hye Jeong,LEE Chia Hsin,TENG Chun Hsun,SEO Seung Jae,CHAE Yu Jung,KIM Won Ho,JEONG Na Eun,FENG Yan Zhe,HUANG Dong Ping,Dejan FERDINANSYAH,Gloria Emanuelle WIDJAJA
87,2023,JANUARY,https://bwfworldtour.bwfbadminton.com/tournament/4699/petronas-malaysia-open-2023,PETRONAS Malaysia Open 2023,10 - 15 JANUARY,"PRIZE MONEY USD $1,250,000",https://extranet.bwf.sport/docs/tmt-category/WT_1000.svg,Kuala Lumpur,Malaysia,Viktor AXELSEN,Kodai NARAOKA,Kanta TSUNEYAMA,Kunlavut VITIDSARN,Akane YAMAGUCHI,AN Se Young,CHEN Yu Fei,TAI Tzu Ying,Fajar ALFIAN,Muhammad Rian ARDIANTO,LIANG Wei Keng,WANG Chang,KANG Min Hyuk,SEO Seung Jae,Satwiksairaj RANKIREDDY,Chirag SHETTY,CHEN Qing Chen,JIA Yi Fan,BAEK Ha Na,LEE Yu Lim,Apriyani RAHAYU,Siti Fadia Silva RAMADHANTI,ZHANG Shu Xian,ZHENG Yu,ZHENG Si Wei,HUANG Ya Qiong,Yuta WATANABE,Arisa HIGASHINO,Dejan FERDINANSYAH,Gloria Emanuelle WIDJAJA,Dechapol PUAVARANUKROH,Sapsiree TAERATTANACHAI
88,2023,JANUARY,https://bwfworldtour.bwfbadminton.com/tournament/4700/yonex-sunrise-india-open-2023,YONEX SUNRISE India Open 2023,17 - 22 JANUARY,"PRIZE MONEY USD $850,000",https://extranet.bwf.sport/docs/tmt-category/WT_750.svg,New Delhi,India,Kunlavut VITIDSARN,Viktor AXELSEN,Jonatan CHRISTIE,Anthony Sinisuka GINTING,AN Se Young,Akane YAMAGUCHI,HE Bing Jiao,Supanida KATETHONG,LIANG Wei Keng,WANG Chang,Aaron CHIA,SOH Wooi Yik,Fajar ALFIAN,Muhammad Rian ARDIANTO,KANG Min Hyuk,SEO Seung Jae,Nami MATSUYAMA,Chiharu SHIDA,CHEN Qing Chen,JIA Yi Fan,JEONG Na Eun,KIM Hye Jeong,TAN Pearly,THINAAH Muralitharan,Yuta WATANABE,Arisa HIGASHINO,WANG Yi Lyu,HUANG Dong Ping,KIM Won Ho,JEONG Na Eun,ZHENG Si Wei,HUANG Ya Qiong
89,2023,JANUARY,https://bwfworldtour.bwfbadminton.com/tournament/4701/daihatsu-indonesia-masters-2023,DAIHATSU Indonesia Masters 2023,24 - 29 JANUARY,"PRIZE MONEY USD $420,000",https://extranet.bwf.sport/docs/tmt-category/WT_500.svg,Jakarta,Indonesia,Jonatan CHRISTIE,Chico  Aura DWI WARDOYO,NG Ka Long Angus,SHI Yu Qi,AN Se Young,Carolina MARIN,HAN Yue,WANG Zhi Yi,Leo Rolly CARNANDO,Daniel MARTHIN,HE Ji Ting,ZHOU Hao Dong,Takuro HOKI,Yugo KOBAYASHI,LIU Yu Chen,OU Xuan Yi,LIU Sheng Shu,ZHANG Shu Xian,Yuki FUKUSHIMA,Sayaka HIROTA,Jongkolphan KITITHARAKUL,Rawinda PRAJONGJAI,TAN Pearly,THINAAH Muralitharan,FENG Yan Zhe,HUANG Dong Ping,JIANG Zhen Bang,WEI Ya Xin,Thom GICQUEL,Delphine DELRUE,Yuki KANEKO,Misaki MATSUTOMO
90,2023,JANUARY,https://bwfworldtour.bwfbadminton.com/tournament/4702/princess-sirivannavari-thailand-masters-2023,PRINCESS SIRIVANNAVARI Thailand Masters 2023,31 JANUARY - 05 FEBRUARY,"PRIZE MONEY USD $210,000",https://extranet.bwf.sport/docs/tmt-category/WT_300.svg,Bangkok,Thailand,LIN Chun-Yi,NG Ka Long Angus,LI Shi Feng,SHI Yu Qi,ZHANG Yi Man,HAN Yue,Wen Chi HSU,Supanida KATETHONG,Leo Rolly CARNANDO,Daniel MARTHIN,SU Ching Heng,YE Hong Wei,Supak JOMKOH,Kittinupong KEDREN,Muhammad Shohibul FIKRI,Bagas MAULANA,Benyapa AIMSAARD,Nuntakarn AIMSAARD,BAEK Ha Na,LEE So Hee,LI Wen Mei,LIU Xuan Xuan,TAN Ning,XIA Yu Ting,FENG Yan Zhe,HUANG Dong Ping,SEO Seung Jae,CHAE Yu Jung,KIM Won Ho,JEONG Na Eun,Hiroki MIDORIKAWA,Natsu SAITO
91,2023,"
MARCH ",https://bwfworldtour.bwfbadminton.com/tournament/4703/yonex-german-open-2023,YONEX German Open 2023,07 - 12 MARCH,"PRIZE MONEY USD $210,000",https://extranet.bwf.sport/docs/tmt-category/WT_300.svg,Mulheim,Germany,NG Ka Long Angus,LI Shi Feng,LEE Cheuk Yiu,Kento MOMOTA,Akane YAMAGUCHI,AN Se Young,CHEN Yu Fei,HE Bing Jiao,CHOI Sol Gyu,KIM Won Ho,KANG Min Hyuk,SEO Seung Jae,Akira KOGA,Taichi SAITO,LEE Jhe-Huei,YANG Po-Hsuan,BAEK Ha Na,LEE So Hee,Nami MATSUYAMA,Chiharu SHIDA,KIM So Yeong,KONG Hee Yong,TAN Pearly,THINAAH Muralitharan,FENG Yan Zhe,HUANG Dong Ping,KIM Won Ho,JEONG Na Eun,Hiroki MIDORIKAWA,Natsu SAITO,Kyohei YAMASHITA,Naru SHINOYA
92,2023,"
MARCH ",https://bwfworldtour.bwfbadminton.com/tournament/4704/yonex-all-england-open-badminton-championships-2023,YONEX All England Open Badminton Championships 2023,14 - 19 MARCH,"PRIZE MONEY USD $1,250,000",https://extranet.bwf.sport/docs/tmt-category/WT_1000.svg,Birmingham,England,LI Shi Feng,SHI Yu Qi,Anders ANTONSEN,LEE Zii Jia,AN Se Young,CHEN Yu Fei,TAI Tzu Ying,Akane YAMAGUCHI,Fajar ALFIAN,Muhammad Rian ARDIANTO,Mohammad AHSAN,Hendra SETIAWAN,HE Ji Ting,ZHOU Hao Dong,LIANG Wei Keng,WANG Chang,KIM So Yeong,KONG Hee Yong,BAEK Ha Na,LEE So Hee,Treesa JOLLY,GAYATRI GOPICHAND PULLELA,ZHANG Shu Xian,ZHENG Yu,ZHENG Si Wei,HUANG Ya Qiong,SEO Seung Jae,CHAE Yu Jung,KIM Won Ho,JEONG Na Eun,Rehan Naufal KUSHARJANTO,Lisa Ayu KUSUMAWATI
93,2023,"
MARCH ",https://bwfworldtour.bwfbadminton.com/tournament/4705/yonex-swiss-open-2023,YONEX Swiss Open 2023,21 - 26 MARCH,"PRIZE MONEY USD $210,000",https://extranet.bwf.sport/docs/tmt-category/WT_300.svg,Basel,Switzerland,Koki WATANABE,CHOU Tien Chen,Viktor AXELSEN,LEE Zii Jia,Pornpawee CHOCHUWONG,Mia BLICHFELDT,Gregoria Mariska TUNJUNG,Beiwen ZHANG,Satwiksairaj RANKIREDDY,Chirag SHETTY,REN Xiang Yu,TAN Qiang,Ben LANE,Sean VENDY,ONG Yew Sin,TEO Ee Yi,Rena MIYAURA,Ayako SAKURAMOTO,Yuki FUKUSHIMA,Sayaka HIROTA,BAEK Ha Na,LEE So Hee,Apriyani RAHAYU,Siti Fadia Silva RAMADHANTI,JIANG Zhen Bang,WEI Ya Xin,GOH Soon Huat,LAI Shevon Jemie,Robin TABELING,Selena PIEK,YE Hong Wei,LEE Chia Hsin
94,2023,"
MARCH ",https://bwfworldtour.bwfbadminton.com/tournament/4706/madrid-spain-masters-2023,Madrid Spain Masters 2023,28 MARCH - 02 APRIL,"PRIZE MONEY USD $210,000",https://extranet.bwf.sport/docs/tmt-category/WT_300.svg,Madrid,Spain,Kenta NISHIMOTO,Kanta TSUNEYAMA,Anders ANTONSEN,Toma Junior POPOV,Gregoria Mariska TUNJUNG,PUSARLA V. Sindhu,Carolina MARIN,YEO Jia Min,HE Ji Ting,ZHOU Hao Dong,Fang-Chih LEE,Fang-Jen LEE,SU Ching Heng,YE Hong Wei,REN Xiang Yu,TAN Qiang,LIU Sheng Shu,TAN Ning,CHEN Fang Hui,DU Yue,BAEK Ha Na,LEE So Hee,Maiken FRUERGAARD,Sara THYGESEN,Mathias CHRISTIANSEN,Alexandra BØJE,Praveen JORDAN,Melati Daeva OKTAVIANTI,Gregory MAIRS,Jenny MOORE,Mathias THYRRI,Amalie MAGELUND
95,2023,"
APRIL ",https://bwfworldtour.bwfbadminton.com/tournament/4707/orleans-masters-badminton-2023-presented-by-victor,Orléans Masters Badminton 2023 presented by VICTOR,04 - 09 APRIL,"PRIZE MONEY USD $240,000",https://extranet.bwf.sport/docs/tmt-category/WT_300.svg,Orleans,France,Priyanshu RAJAWAT,Magnus JOHANNESEN,LEI Lan Xi,Nhat NGUYEN,Carolina MARIN,Beiwen ZHANG,Line Højmark KJAERSFELDT,Yvonne LI,CHEN Bo Yang,LIU Yi,Muhammad Shohibul FIKRI,Bagas MAULANA,Leo Rolly CARNANDO,Daniel MARTHIN,LEE Jhe-Huei,YANG Po-Hsuan,Rena MIYAURA,Ayako SAKURAMOTO,LIU Sheng Shu,TAN Ning,Lanny Tria MAYASARI,Ribka SUGIARTO,Maiken FRUERGAARD,Sara THYGESEN,CHEN Tang Jie,TOH Ee Wei,YE Hong Wei,LEE Chia Hsin,Rehan Naufal KUSHARJANTO,Lisa Ayu KUSUMAWATI,Adnan MAULANA,Nita Violina MARWAH
96,2023,"
MAY ",https://bwfworldtour.bwfbadminton.com/tournament/4709/perodua-malaysia-masters-2023-presented-by-daihatsu,PERODUA Malaysia Masters 2023 presented by DAIHATSU,23 - 28 MAY,"PRIZE MONEY USD $420,000",https://extranet.bwf.sport/docs/tmt-category/WT_500.svg,Kuala Lumpur,Malaysia,PRANNOY H. S.,WENG Hong Yang,Christian ADINATA,LIN Chun-Yi,Akane YAMAGUCHI,Gregoria Mariska TUNJUNG,HAN Yue,PUSARLA V. Sindhu,KANG Min Hyuk,SEO Seung Jae,MAN Wei Chong,Kai Wun TEE,Leo Rolly CARNANDO,Daniel MARTHIN,Takuro HOKI,Yugo KOBAYASHI,BAEK Ha Na,LEE So Hee,TAN Pearly,THINAAH Muralitharan,JEONG Na Eun,KIM Hye Jeong,Mayu MATSUMOTO,Wakana NAGAHARA,Dechapol PUAVARANUKROH,Sapsiree TAERATTANACHAI,FENG Yan Zhe,HUANG Dong Ping,Supak JOMKOH,Supissara PAEWSAMPRAN,SEO Seung Jae,CHAE Yu Jung
97,2023,"
MAY ",https://bwfworldtour.bwfbadminton.com/tournament/4710/toyota-gazoo-racing-thailand-open-2023,TOYOTA GAZOO RACING Thailand Open 2023,30 MAY - 04 JUNE,"PRIZE MONEY USD $420,000",https://extranet.bwf.sport/docs/tmt-category/WT_500.svg,Bangkok,Thailand,Kunlavut VITIDSARN,LEE Cheuk Yiu,Toma Junior POPOV,Lakshya SEN,AN Se Young,HE Bing Jiao,Mia BLICHFELDT,Carolina MARIN,LIANG Wei Keng,WANG Chang,Muhammad Shohibul FIKRI,Bagas MAULANA,CHOI Sol Gyu,KIM Won Ho,Marcus Fernaldi GIDEON,Kevin Sanjaya SUKAMULJO,KIM So Yeong,KONG Hee Yong,Benyapa AIMSAARD,Nuntakarn AIMSAARD,BAEK Ha Na,LEE So Hee,Jongkolphan KITITHARAKUL,Rawinda PRAJONGJAI,KIM Won Ho,JEONG Na Eun,Dechapol PUAVARANUKROH,Sapsiree TAERATTANACHAI,Mathias CHRISTIANSEN,Alexandra BØJE,YE Hong Wei,LEE Chia Hsin
98,2023,"
JUNE ",https://bwfworldtour.bwfbadminton.com/tournament/4711/kff-singapore-open-2023,KFF Singapore Open 2023,06 - 11 JUNE,"PRIZE MONEY USD $850,000",https://extranet.bwf.sport/docs/tmt-category/WT_750.svg,Singapore,Singapore,Anthony Sinisuka GINTING,Anders ANTONSEN,Kodai NARAOKA,Kunlavut VITIDSARN,AN Se Young,Akane YAMAGUCHI,CHEN Yu Fei,TAI Tzu Ying,Takuro HOKI,Yugo KOBAYASHI,LIANG Wei Keng,WANG Chang,Aaron CHIA,SOH Wooi Yik,CHOI Sol Gyu,KIM Won Ho,CHEN Qing Chen,JIA Yi Fan,BAEK Ha Na,LEE So Hee,LI Wen Mei,LIU Xuan Xuan,ZHANG Shu Xian,ZHENG Yu,Mathias CHRISTIANSEN,Alexandra BØJE,Yuta WATANABE,Arisa HIGASHINO,CHEN Tang Jie,TOH Ee Wei,KIM Won Ho,JEONG Na Eun
99,2023,"
JUNE ",https://bwfworldtour.bwfbadminton.com/tournament/4712/kapal-api-group-indonesia-open-2023,KAPAL API GROUP Indonesia Open 2023,13 - 18 JUNE,"PRIZE MONEY USD $1,250,000",https://extranet.bwf.sport/docs/tmt-category/WT_1000.svg,Jakarta,Indonesia,Viktor AXELSEN,Anthony Sinisuka GINTING,LI Shi Feng,PRANNOY H. S.,CHEN Yu Fei,Carolina MARIN,AN Se Young,Ratchanok INTANON,Satwiksairaj RANKIREDDY,Chirag SHETTY,Aaron CHIA,SOH Wooi Yik,Pramudya KUSUMAWARDANA,Yeremia Erich Yoche Yacob RAMBITAN,KANG Min Hyuk,SEO Seung Jae,BAEK Ha Na,LEE So Hee,Yuki FUKUSHIMA,Sayaka HIROTA,JEONG Na Eun,KIM Hye Jeong,Mayu MATSUMOTO,Wakana NAGAHARA,ZHENG Si Wei,HUANG Ya Qiong,Yuta WATANABE,Arisa HIGASHINO,FENG Yan Zhe,HUANG Dong Ping,TANG Chun Man,TSE Ying Suet
100,2023,"
JUNE ",https://bwfworldtour.bwfbadminton.com/tournament/4713/yonex-taipei-open-2023,YONEX Taipei Open 2023,20 - 25 JUNE,"PRIZE MONEY USD $210,000",https://extranet.bwf.sport/docs/tmt-category/WT_300.svg,Taipei,Chinese Taipei,Chico  Aura DWI WARDOYO,SU Li  Yang,NG Ka Long Angus,WANG Tzu Wei,TAI Tzu Ying,Beiwen ZHANG,Pornpicha CHOEIKEEWONG,Pitchamon OPATNIPUTH,MAN Wei Chong,Kai Wun TEE,LU Ching Yao,YANG Po Han,LIN Chia Yu,LIN Yong Sheng,ONG Yew Sin,TEO Ee Yi,LEE Yu Lim,SHIN Seung Chan,Febriana Dwipuji KUSUMA,Amallia Cahaya PRATIWI,HUNG En-Tzu,LIN Yu-Pei,LEE Chia Hsin,TENG Chun Hsun,CHEN Tang Jie,TOH Ee Wei,CHIU Hsiang Chieh,LIN Xiao Min,TSENG Min Hao,HSIEH Pei Shan,YE Hong Wei,LEE Chia Hsin
101,2023,"
JULY ",https://bwfworldtour.bwfbadminton.com/tournament/4714/yonex-canada-open-2023,YONEX Canada Open 2023,04 - 09 JULY,"PRIZE MONEY USD $420,000",https://extranet.bwf.sport/docs/tmt-category/WT_500.svg,Calgary,Canada,Lakshya SEN,LI Shi Feng,Kodai NARAOKA,Kenta NISHIMOTO,Akane YAMAGUCHI,Ratchanok INTANON,PUSARLA V. Sindhu,Beiwen ZHANG,Kim ASTRUP,Anders Skaarup RASMUSSEN,Rasmus KJÆR,Frederik SØGAARD,Akira KOGA,Taichi SAITO,LEE Yang,WANG Chi-Lin,Nami MATSUYAMA,Chiharu SHIDA,Mayu MATSUMOTO,Wakana NAGAHARA,Yuki FUKUSHIMA,Sayaka HIROTA,Jongkolphan KITITHARAKUL,Rawinda PRAJONGJAI,Hiroki MIDORIKAWA,Natsu SAITO,Mathias THYRRI,Amalie MAGELUND,LEE Jhe-Huei,HSU Ya Ching,Kyohei YAMASHITA,Naru SHINOYA
